exchange,stock_symbol,date,stock_price_open,stock_price_high,stock_price_low,stock_price_close,stock_volume,stock_price_adj_close
AMEX,YMI,2010-02-08,1.49,1.60,1.49,1.54,65600,1.54
AMEX,YMI,2010-02-05,1.50,1.54,1.45,1.53,163200,1.53
AMEX,YMI,2010-02-04,1.65,1.65,1.50,1.54,224100,1.54
AMEX,YMI,2010-02-03,1.68,1.70,1.62,1.65,64600,1.65
AMEX,YMI,2010-02-02,1.64,1.68,1.59,1.67,182000,1.67
AMEX,YMI,2010-02-01,1.63,1.75,1.61,1.69,235900,1.69
AMEX,YMI,2010-01-29,1.60,1.64,1.55,1.59,235500,1.59
AMEX,YMI,2010-01-28,1.60,1.67,1.53,1.54,168900,1.54
AMEX,YMI,2010-01-27,1.78,1.78,1.50,1.63,240200,1.63
AMEX,YMI,2010-01-26,1.77,1.85,1.69,1.74,636600,1.74
AMEX,YMI,2010-01-25,1.75,1.77,1.64,1.65,224600,1.65
AMEX,YMI,2010-01-22,1.65,1.76,1.60,1.70,157900,1.70
AMEX,YMI,2010-01-21,1.69,1.72,1.62,1.63,157600,1.63
AMEX,YMI,2010-01-20,1.61,1.79,1.59,1.73,601600,1.73
AMEX,YMI,2010-01-19,1.70,1.70,1.57,1.61,154500,1.61
AMEX,YMI,2010-01-15,1.62,1.66,1.57,1.61,273400,1.61
AMEX,YMI,2010-01-14,1.65,1.70,1.59,1.59,145400,1.59
AMEX,YMI,2010-01-13,1.71,1.75,1.67,1.69,124600,1.69
AMEX,YMI,2010-01-12,1.75,1.80,1.52,1.75,555900,1.75
AMEX,YMI,2010-01-11,1.75,1.85,1.71,1.80,643800,1.80
AMEX,YMI,2010-01-08,1.48,1.70,1.48,1.69,683400,1.69
AMEX,YMI,2010-01-07,1.53,1.68,1.45,1.54,1142000,1.54
AMEX,YMI,2010-01-06,1.28,1.39,1.27,1.34,119800,1.34
AMEX,YMI,2010-01-05,1.38,1.44,1.30,1.31,137400,1.31
AMEX,YMI,2010-01-04,1.42,1.42,1.38,1.40,88700,1.40
AMEX,YMI,2009-12-31,1.40,1.40,1.33,1.35,65200,1.35
AMEX,YMI,2009-12-30,1.36,1.40,1.32,1.35,55500,1.35
AMEX,YMI,2009-12-29,1.41,1.41,1.33,1.37,138000,1.37
AMEX,YMI,2009-12-28,1.29,1.40,1.27,1.37,221100,1.37
AMEX,YMI,2009-12-24,1.27,1.29,1.27,1.29,16700,1.29
AMEX,YMI,2009-12-23,1.30,1.30,1.23,1.27,81100,1.27
AMEX,YMI,2009-12-22,1.21,1.27,1.21,1.27,37200,1.27
AMEX,YMI,2009-12-21,1.24,1.27,1.20,1.23,119100,1.23
AMEX,YMI,2009-12-18,1.24,1.26,1.18,1.19,69600,1.19
AMEX,YMI,2009-12-17,1.25,1.27,1.22,1.24,70700,1.24
AMEX,YMI,2009-12-16,1.17,1.19,1.15,1.18,91700,1.18
AMEX,YMI,2009-12-15,1.27,1.27,1.18,1.18,106600,1.18
AMEX,YMI,2009-12-14,1.38,1.38,1.25,1.25,94500,1.25
AMEX,YMI,2009-12-11,1.24,1.37,1.20,1.31,409800,1.31
AMEX,YMI,2009-12-10,1.14,1.22,1.14,1.22,147200,1.22
AMEX,YMI,2009-12-09,1.11,1.15,1.11,1.14,95800,1.14
AMEX,YMI,2009-12-08,1.12,1.14,1.11,1.13,84600,1.13
AMEX,YMI,2009-12-07,1.18,1.18,1.12,1.14,87100,1.14
AMEX,YMI,2009-12-04,1.18,1.24,1.15,1.16,90600,1.16
AMEX,YMI,2009-12-03,1.19,1.20,1.18,1.18,67300,1.18
AMEX,YMI,2009-12-02,1.23,1.24,1.21,1.21,49200,1.21
AMEX,YMI,2009-12-01,1.20,1.22,1.18,1.20,91700,1.20
AMEX,YMI,2009-11-30,1.14,1.19,1.14,1.18,104200,1.18
AMEX,YMI,2009-11-27,1.15,1.21,1.12,1.19,168900,1.19
AMEX,YMI,2009-11-25,1.18,1.24,1.16,1.21,38300,1.21
AMEX,YMI,2009-11-24,1.20,1.27,1.20,1.20,77000,1.20
AMEX,YMI,2009-11-23,1.20,1.26,1.19,1.19,131900,1.19
AMEX,YMI,2009-11-20,1.21,1.26,1.18,1.21,125800,1.21
AMEX,YMI,2009-11-19,1.25,1.29,1.23,1.28,116100,1.28
AMEX,YMI,2009-11-18,1.18,1.35,1.18,1.28,671400,1.28
AMEX,YMI,2009-11-17,1.18,1.26,1.18,1.19,194900,1.19
AMEX,YMI,2009-11-16,1.24,1.27,1.20,1.22,100300,1.22
AMEX,YMI,2009-11-13,1.20,1.27,1.19,1.24,153800,1.24
AMEX,YMI,2009-11-12,1.25,1.27,1.19,1.20,294900,1.20
AMEX,YMI,2009-11-11,1.25,1.30,1.22,1.23,291000,1.23
AMEX,YMI,2009-11-10,1.34,1.34,1.22,1.23,348200,1.23
AMEX,YMI,2009-11-09,1.28,1.37,1.25,1.28,707100,1.28
AMEX,YMI,2009-11-06,1.37,1.39,1.29,1.30,420200,1.30
AMEX,YMI,2009-11-05,1.34,1.45,1.32,1.37,187700,1.37
AMEX,YMI,2009-11-04,1.36,1.36,1.26,1.27,139000,1.27
AMEX,YMI,2009-11-03,1.35,1.37,1.26,1.28,388600,1.28
AMEX,YMI,2009-11-02,1.35,1.65,1.25,1.42,1360000,1.42
AMEX,YMI,2009-10-30,1.27,1.46,1.24,1.29,834900,1.29
AMEX,YMI,2009-10-29,1.12,1.28,1.12,1.24,263900,1.24
AMEX,YMI,2009-10-28,1.05,1.19,1.04,1.09,413000,1.09
AMEX,YMI,2009-10-27,1.20,1.22,1.03,1.07,457600,1.07
AMEX,YMI,2009-10-26,1.24,1.27,1.20,1.20,129500,1.20
AMEX,YMI,2009-10-23,1.26,1.28,1.23,1.27,206300,1.27
AMEX,YMI,2009-10-22,1.30,1.32,1.24,1.29,268500,1.29
AMEX,YMI,2009-10-21,1.33,1.36,1.30,1.31,243900,1.31
AMEX,YMI,2009-10-20,1.35,1.41,1.31,1.31,213600,1.31
AMEX,YMI,2009-10-19,1.42,1.52,1.37,1.39,499000,1.39
AMEX,YMI,2009-10-16,1.42,1.43,1.39,1.42,160600,1.42
AMEX,YMI,2009-10-15,1.40,1.42,1.40,1.40,165900,1.40
AMEX,YMI,2009-10-14,1.46,1.49,1.36,1.39,148500,1.39
AMEX,YMI,2009-10-13,1.52,1.52,1.40,1.41,93400,1.41
AMEX,YMI,2009-10-12,1.38,1.48,1.38,1.46,279700,1.46
AMEX,YMI,2009-10-09,1.35,1.37,1.31,1.37,150100,1.37
AMEX,YMI,2009-10-08,1.30,1.36,1.30,1.35,256700,1.35
AMEX,YMI,2009-10-07,1.44,1.44,1.28,1.29,351500,1.29
AMEX,YMI,2009-10-06,1.38,1.39,1.33,1.35,417700,1.35
AMEX,YMI,2009-10-05,1.43,1.48,1.40,1.40,165100,1.40
AMEX,YMI,2009-10-02,1.46,1.47,1.43,1.46,141600,1.46
AMEX,YMI,2009-10-01,1.51,1.53,1.46,1.46,247600,1.46
AMEX,YMI,2009-09-30,1.48,1.53,1.48,1.53,268900,1.53
AMEX,YMI,2009-09-29,1.53,1.53,1.43,1.47,289800,1.47
AMEX,YMI,2009-09-28,1.49,1.53,1.40,1.43,385000,1.43
AMEX,YMI,2009-09-25,1.57,1.58,1.43,1.44,534100,1.44
AMEX,YMI,2009-09-24,1.74,1.74,1.55,1.60,498400,1.60
AMEX,YMI,2009-09-23,1.81,1.81,1.65,1.66,298500,1.66
AMEX,YMI,2009-09-22,1.82,1.82,1.67,1.72,278600,1.72
AMEX,YMI,2009-09-21,1.76,1.77,1.66,1.66,335500,1.66
AMEX,YMI,2009-09-18,1.84,1.84,1.66,1.74,543200,1.74
AMEX,YMI,2009-09-17,2.00,2.00,1.66,1.77,2904700,1.77
AMEX,YMI,2009-09-16,1.55,1.62,1.53,1.55,348300,1.55
AMEX,YMI,2009-09-15,1.64,1.64,1.53,1.57,315600,1.57
AMEX,YMI,2009-09-14,1.55,1.60,1.52,1.57,276300,1.57
AMEX,YMI,2009-09-11,1.64,1.64,1.50,1.60,553000,1.60
AMEX,YMI,2009-09-10,1.61,1.62,1.52,1.56,539700,1.56
AMEX,YMI,2009-09-09,1.81,1.81,1.60,1.61,378500,1.61
AMEX,YMI,2009-09-08,1.79,1.79,1.55,1.70,523300,1.70
AMEX,YMI,2009-09-04,1.74,1.82,1.66,1.67,503600,1.67
AMEX,YMI,2009-09-03,1.54,1.82,1.52,1.74,1236600,1.74
AMEX,YMI,2009-09-02,1.53,1.59,1.41,1.54,677500,1.54
AMEX,YMI,2009-09-01,1.64,1.65,1.40,1.56,1734100,1.56
AMEX,YMI,2009-08-31,1.97,1.97,1.65,1.71,1364100,1.71
AMEX,YMI,2009-08-28,1.99,2.05,1.80,1.89,2626900,1.89
AMEX,YMI,2009-08-27,1.64,2.24,1.52,1.92,4254200,1.92
AMEX,YMI,2009-08-26,1.74,1.74,1.38,1.64,3514700,1.64
AMEX,YMI,2009-08-25,1.00,1.66,0.98,1.66,5747100,1.66
AMEX,YMI,2009-08-24,0.93,1.00,0.93,0.99,486200,0.99
AMEX,YMI,2009-08-21,0.91,0.97,0.90,0.93,442400,0.93
AMEX,YMI,2009-08-20,0.89,0.91,0.87,0.91,263100,0.91
AMEX,YMI,2009-08-19,0.87,0.90,0.87,0.88,182000,0.88
AMEX,YMI,2009-08-18,0.82,0.88,0.81,0.85,322400,0.85
AMEX,YMI,2009-08-17,0.85,0.86,0.80,0.80,291500,0.80
AMEX,YMI,2009-08-14,0.90,0.90,0.87,0.87,390100,0.87
AMEX,YMI,2009-08-13,0.89,0.94,0.88,0.88,367500,0.88
AMEX,YMI,2009-08-12,0.82,0.92,0.82,0.86,478000,0.86
AMEX,YMI,2009-08-11,0.90,0.94,0.76,0.84,985800,0.84
AMEX,YMI,2009-08-10,0.96,1.20,0.86,0.92,4597100,0.92
AMEX,YMI,2009-08-07,0.58,0.60,0.58,0.58,78900,0.58
AMEX,YMI,2009-08-06,0.60,0.62,0.57,0.59,218500,0.59
AMEX,YMI,2009-08-05,0.60,0.63,0.60,0.60,78800,0.60
AMEX,YMI,2009-08-04,0.59,0.64,0.59,0.61,47600,0.61
AMEX,YMI,2009-08-03,0.63,0.67,0.61,0.61,179100,0.61
AMEX,YMI,2009-07-31,0.63,0.67,0.62,0.63,94600,0.63
AMEX,YMI,2009-07-30,0.63,0.65,0.62,0.62,96500,0.62
AMEX,YMI,2009-07-29,0.68,0.68,0.63,0.64,152100,0.64
AMEX,YMI,2009-07-28,0.62,0.70,0.61,0.65,635200,0.65
AMEX,YMI,2009-07-27,0.56,0.66,0.54,0.62,856700,0.62
AMEX,YMI,2009-07-24,0.58,0.60,0.55,0.57,184500,0.57
AMEX,YMI,2009-07-23,0.52,0.58,0.52,0.58,219000,0.58
AMEX,YMI,2009-07-22,0.52,0.55,0.50,0.51,174400,0.51
AMEX,YMI,2009-07-21,0.52,0.52,0.49,0.50,107000,0.50
AMEX,YMI,2009-07-20,0.50,0.52,0.50,0.52,74300,0.52
AMEX,YMI,2009-07-17,0.50,0.52,0.50,0.50,175300,0.50
AMEX,YMI,2009-07-16,0.51,0.53,0.48,0.50,97200,0.50
AMEX,YMI,2009-07-15,0.50,0.54,0.50,0.50,113700,0.50
AMEX,YMI,2009-07-14,0.53,0.53,0.51,0.51,65700,0.51
AMEX,YMI,2009-07-13,0.55,0.55,0.53,0.53,91100,0.53
AMEX,YMI,2009-07-10,0.53,0.55,0.53,0.55,43700,0.55
AMEX,YMI,2009-07-09,0.52,0.55,0.52,0.55,36000,0.55
AMEX,YMI,2009-07-08,0.57,0.57,0.51,0.52,62000,0.52
AMEX,YMI,2009-07-07,0.58,0.58,0.54,0.55,58100,0.55
AMEX,YMI,2009-07-06,0.56,0.58,0.53,0.57,123100,0.57
AMEX,YMI,2009-07-02,0.55,0.58,0.55,0.55,52900,0.55
AMEX,YMI,2009-07-01,0.55,0.58,0.55,0.56,33700,0.56
AMEX,YMI,2009-06-30,0.53,0.60,0.52,0.57,180300,0.57
AMEX,YMI,2009-06-29,0.51,0.56,0.51,0.54,86100,0.54
AMEX,YMI,2009-06-26,0.54,0.55,0.51,0.52,102500,0.52
AMEX,YMI,2009-06-25,0.52,0.54,0.51,0.53,80400,0.53
AMEX,YMI,2009-06-24,0.52,0.54,0.52,0.52,58000,0.52
AMEX,YMI,2009-06-23,0.50,0.57,0.50,0.52,475800,0.52
AMEX,YMI,2009-06-22,0.54,0.55,0.50,0.50,225300,0.50
AMEX,YMI,2009-06-19,0.49,0.56,0.49,0.55,89800,0.55
AMEX,YMI,2009-06-18,0.53,0.54,0.52,0.52,167700,0.52
AMEX,YMI,2009-06-17,0.54,0.56,0.49,0.52,347400,0.52
AMEX,YMI,2009-06-16,0.56,0.58,0.55,0.55,108300,0.55
AMEX,YMI,2009-06-15,0.58,0.59,0.55,0.57,146700,0.57
AMEX,YMI,2009-06-12,0.60,0.60,0.56,0.58,102900,0.58
AMEX,YMI,2009-06-11,0.61,0.64,0.60,0.60,245400,0.60
AMEX,YMI,2009-06-10,0.65,0.66,0.55,0.60,499700,0.60
AMEX,YMI,2009-06-09,0.64,0.68,0.60,0.62,338400,0.62
AMEX,YMI,2009-06-08,0.59,0.65,0.58,0.64,516600,0.64
AMEX,YMI,2009-06-05,0.60,0.60,0.57,0.58,367800,0.58
AMEX,YMI,2009-06-04,0.58,0.61,0.57,0.57,274200,0.57
AMEX,YMI,2009-06-03,0.52,0.60,0.51,0.58,495200,0.58
AMEX,YMI,2009-06-02,0.61,0.61,0.51,0.53,566100,0.53
AMEX,YMI,2009-06-01,0.59,0.63,0.55,0.57,1346600,0.57
AMEX,YMI,2009-05-29,0.52,0.60,0.46,0.51,2141400,0.51
AMEX,YMI,2009-05-28,0.44,0.47,0.43,0.47,199900,0.47
AMEX,YMI,2009-05-27,0.44,0.46,0.44,0.44,89900,0.44
AMEX,YMI,2009-05-26,0.44,0.46,0.44,0.44,90100,0.44
AMEX,YMI,2009-05-22,0.46,0.46,0.44,0.44,215900,0.44
AMEX,YMI,2009-05-21,0.46,0.47,0.45,0.46,116200,0.46
AMEX,YMI,2009-05-20,0.47,0.49,0.46,0.46,115500,0.46
AMEX,YMI,2009-05-19,0.49,0.54,0.47,0.47,497500,0.47
AMEX,YMI,2009-05-18,0.44,0.55,0.44,0.47,971700,0.47
AMEX,YMI,2009-05-15,0.43,0.47,0.43,0.44,117500,0.44
AMEX,YMI,2009-05-14,0.44,0.47,0.43,0.44,84400,0.44
AMEX,YMI,2009-05-13,0.45,0.46,0.42,0.42,121400,0.42
AMEX,YMI,2009-05-12,0.43,0.48,0.43,0.46,118000,0.46
AMEX,YMI,2009-05-11,0.46,0.48,0.44,0.46,48700,0.46
AMEX,YMI,2009-05-08,0.49,0.50,0.44,0.46,86800,0.46
AMEX,YMI,2009-05-07,0.47,0.47,0.43,0.46,258400,0.46
AMEX,YMI,2009-05-06,0.48,0.50,0.44,0.46,132400,0.46
AMEX,YMI,2009-05-05,0.47,0.50,0.43,0.45,203000,0.45
AMEX,YMI,2009-05-04,0.48,0.50,0.45,0.48,108800,0.48
AMEX,YMI,2009-05-01,0.47,0.48,0.44,0.48,98800,0.48
AMEX,YMI,2009-04-30,0.50,0.53,0.44,0.47,242500,0.47
AMEX,YMI,2009-04-29,0.48,0.52,0.47,0.51,185300,0.51
AMEX,YMI,2009-04-28,0.44,0.47,0.44,0.45,157700,0.45
AMEX,YMI,2009-04-27,0.45,0.46,0.43,0.44,52800,0.44
AMEX,YMI,2009-04-24,0.46,0.46,0.43,0.46,64400,0.46
AMEX,YMI,2009-04-23,0.45,0.45,0.44,0.44,33400,0.44
AMEX,YMI,2009-04-22,0.43,0.44,0.43,0.43,79900,0.43
AMEX,YMI,2009-04-21,0.43,0.44,0.43,0.43,201300,0.43
AMEX,YMI,2009-04-20,0.42,0.45,0.41,0.43,157500,0.43
AMEX,YMI,2009-04-17,0.42,0.45,0.42,0.43,157100,0.43
AMEX,YMI,2009-04-16,0.44,0.45,0.41,0.42,42400,0.42
AMEX,YMI,2009-04-15,0.42,0.44,0.41,0.43,53800,0.43
AMEX,YMI,2009-04-14,0.45,0.47,0.41,0.42,491900,0.42
AMEX,YMI,2009-04-13,0.42,0.47,0.41,0.44,353200,0.44
AMEX,YMI,2009-04-09,0.39,0.43,0.39,0.42,102800,0.42
AMEX,YMI,2009-04-08,0.39,0.39,0.38,0.38,54400,0.38
AMEX,YMI,2009-04-07,0.40,0.40,0.38,0.38,162200,0.38
AMEX,YMI,2009-04-06,0.39,0.41,0.37,0.40,36100,0.40
AMEX,YMI,2009-04-03,0.41,0.41,0.38,0.39,27000,0.39
AMEX,YMI,2009-04-02,0.43,0.43,0.38,0.40,163700,0.40
AMEX,YMI,2009-04-01,0.40,0.42,0.38,0.40,235100,0.40
AMEX,YMI,2009-03-31,0.35,0.40,0.35,0.39,157800,0.39
AMEX,YMI,2009-03-30,0.34,0.36,0.32,0.35,222900,0.35
AMEX,YMI,2009-03-27,0.33,0.34,0.31,0.34,104100,0.34
AMEX,YMI,2009-03-26,0.30,0.32,0.28,0.31,232300,0.31
AMEX,YMI,2009-03-25,0.27,0.29,0.27,0.28,120600,0.28
AMEX,YMI,2009-03-24,0.26,0.29,0.26,0.27,144900,0.27
AMEX,YMI,2009-03-23,0.28,0.28,0.26,0.26,142100,0.26
AMEX,YMI,2009-03-20,0.28,0.28,0.26,0.28,25600,0.28
AMEX,YMI,2009-03-19,0.27,0.28,0.27,0.28,81400,0.28
AMEX,YMI,2009-03-18,0.27,0.27,0.26,0.27,24000,0.27
AMEX,YMI,2009-03-17,0.27,0.28,0.25,0.25,57800,0.25
AMEX,YMI,2009-03-16,0.29,0.29,0.27,0.27,21400,0.27
AMEX,YMI,2009-03-13,0.27,0.29,0.26,0.28,169100,0.28
AMEX,YMI,2009-03-12,0.27,0.28,0.26,0.26,257700,0.26
AMEX,YMI,2009-03-11,0.27,0.27,0.26,0.26,115100,0.26
AMEX,YMI,2009-03-10,0.25,0.27,0.25,0.27,145800,0.27
AMEX,YMI,2009-03-09,0.23,0.26,0.23,0.23,162900,0.23
AMEX,YMI,2009-03-06,0.20,0.25,0.20,0.23,132200,0.23
AMEX,YMI,2009-03-05,0.24,0.25,0.24,0.24,87000,0.24
AMEX,YMI,2009-03-04,0.26,0.26,0.24,0.24,43600,0.24
AMEX,YMI,2009-03-03,0.25,0.26,0.23,0.23,149800,0.23
AMEX,YMI,2009-03-02,0.28,0.28,0.24,0.24,187400,0.24
AMEX,YMI,2009-02-27,0.24,0.28,0.24,0.27,165600,0.27
AMEX,YMI,2009-02-26,0.29,0.29,0.25,0.27,132000,0.27
AMEX,YMI,2009-02-25,0.27,0.30,0.23,0.30,379900,0.30
AMEX,YMI,2009-02-24,0.29,0.29,0.26,0.28,65400,0.28
AMEX,YMI,2009-02-23,0.26,0.28,0.26,0.27,85500,0.27
AMEX,YMI,2009-02-20,0.29,0.29,0.26,0.26,96900,0.26
AMEX,YMI,2009-02-19,0.26,0.30,0.26,0.27,95900,0.27
AMEX,YMI,2009-02-18,0.33,0.33,0.28,0.29,97100,0.29
AMEX,YMI,2009-02-17,0.30,0.32,0.30,0.32,26300,0.32
AMEX,YMI,2009-02-13,0.31,0.32,0.31,0.31,46000,0.31
AMEX,YMI,2009-02-12,0.30,0.31,0.29,0.30,60800,0.30
AMEX,YMI,2009-02-11,0.32,0.32,0.29,0.30,44800,0.30
AMEX,YMI,2009-02-10,0.31,0.32,0.30,0.30,75000,0.30
AMEX,YMI,2009-02-09,0.32,0.32,0.31,0.31,64300,0.31
AMEX,YMI,2009-02-06,0.33,0.33,0.30,0.30,34800,0.30
AMEX,YMI,2009-02-05,0.32,0.32,0.29,0.32,38100,0.32
AMEX,YMI,2009-02-04,0.32,0.33,0.32,0.33,6900,0.33
AMEX,YMI,2009-02-03,0.34,0.34,0.30,0.32,96600,0.32
AMEX,YMI,2009-02-02,0.32,0.34,0.32,0.34,15500,0.34
AMEX,YMI,2009-01-30,0.33,0.34,0.33,0.34,24900,0.34
AMEX,YMI,2009-01-29,0.33,0.35,0.33,0.33,10400,0.33
AMEX,YMI,2009-01-28,0.33,0.35,0.33,0.33,15600,0.33
AMEX,YMI,2009-01-27,0.34,0.34,0.33,0.33,10200,0.33
AMEX,YMI,2009-01-26,0.33,0.35,0.33,0.33,30500,0.33
AMEX,YMI,2009-01-23,0.32,0.35,0.32,0.32,81200,0.32
AMEX,YMI,2009-01-22,0.34,0.34,0.32,0.34,60500,0.34
AMEX,YMI,2009-01-21,0.34,0.35,0.33,0.34,47400,0.34
AMEX,YMI,2009-01-20,0.35,0.36,0.33,0.33,95800,0.33
AMEX,YMI,2009-01-16,0.38,0.38,0.35,0.35,29100,0.35
AMEX,YMI,2009-01-15,0.38,0.38,0.35,0.35,20700,0.35
AMEX,YMI,2009-01-14,0.39,0.39,0.36,0.36,61600,0.36
AMEX,YMI,2009-01-13,0.34,0.38,0.34,0.37,42300,0.37
AMEX,YMI,2009-01-12,0.35,0.38,0.35,0.37,100400,0.37
AMEX,YMI,2009-01-09,0.39,0.39,0.37,0.37,108200,0.37
AMEX,YMI,2009-01-08,0.38,0.39,0.37,0.39,203300,0.39
AMEX,YMI,2009-01-07,0.39,0.39,0.36,0.38,113800,0.38
AMEX,YMI,2009-01-06,0.39,0.39,0.37,0.38,179600,0.38
AMEX,YMI,2009-01-05,0.40,0.43,0.37,0.37,356800,0.37
AMEX,YMI,2009-01-02,0.37,0.38,0.33,0.34,77200,0.34
AMEX,YMI,2008-12-31,0.34,0.39,0.34,0.37,74300,0.37
AMEX,YMI,2008-12-30,0.35,0.39,0.35,0.37,85800,0.37
AMEX,YMI,2008-12-29,0.36,0.38,0.34,0.35,82200,0.35
AMEX,YMI,2008-12-26,0.39,0.40,0.34,0.37,172200,0.37
AMEX,YMI,2008-12-24,0.35,0.37,0.33,0.37,85000,0.37
AMEX,YMI,2008-12-23,0.32,0.35,0.31,0.35,156700,0.35
AMEX,YMI,2008-12-22,0.32,0.43,0.32,0.35,201200,0.35
AMEX,YMI,2008-12-19,0.32,0.40,0.32,0.40,448800,0.40
AMEX,YMI,2008-12-18,0.31,0.35,0.30,0.35,392700,0.35
AMEX,YMI,2008-12-17,0.31,0.32,0.29,0.30,33200,0.30
AMEX,YMI,2008-12-16,0.31,0.33,0.31,0.31,41700,0.31
AMEX,YMI,2008-12-15,0.29,0.34,0.29,0.30,94100,0.30
AMEX,YMI,2008-12-12,0.26,0.34,0.26,0.32,353500,0.32
AMEX,YMI,2008-12-11,0.27,0.30,0.27,0.28,76600,0.28
AMEX,YMI,2008-12-10,0.30,0.30,0.26,0.27,23100,0.27
AMEX,YMI,2008-12-09,0.26,0.30,0.26,0.27,85800,0.27
AMEX,YMI,2008-12-08,0.29,0.30,0.26,0.27,261600,0.27
AMEX,YMI,2008-12-05,0.25,0.29,0.25,0.29,33600,0.29
AMEX,YMI,2008-12-04,0.32,0.33,0.27,0.27,59300,0.27
AMEX,YMI,2008-12-03,0.32,0.34,0.28,0.31,31400,0.31
AMEX,YMI,2008-12-02,0.30,0.31,0.28,0.29,22000,0.29
AMEX,YMI,2008-12-01,0.37,0.37,0.28,0.32,34600,0.32
AMEX,YMI,2008-11-28,0.32,0.33,0.32,0.33,6000,0.33
AMEX,YMI,2008-11-26,0.32,0.34,0.29,0.34,51800,0.34
AMEX,YMI,2008-11-25,0.27,0.32,0.27,0.32,37600,0.32
AMEX,YMI,2008-11-24,0.30,0.30,0.25,0.25,74600,0.25
AMEX,YMI,2008-11-21,0.25,0.30,0.25,0.28,65700,0.28
AMEX,YMI,2008-11-20,0.28,0.33,0.26,0.28,164100,0.28
AMEX,YMI,2008-11-19,0.39,0.40,0.31,0.31,169900,0.31
AMEX,YMI,2008-11-18,0.39,0.42,0.38,0.39,167800,0.39
AMEX,YMI,2008-11-17,0.38,0.42,0.34,0.38,182300,0.38
AMEX,YMI,2008-11-14,0.34,0.37,0.32,0.35,235100,0.35
AMEX,YMI,2008-11-13,0.28,0.51,0.27,0.30,854400,0.30
AMEX,YMI,2008-11-12,0.28,0.32,0.27,0.27,77100,0.27
AMEX,YMI,2008-11-11,0.31,0.33,0.28,0.28,169000,0.28
AMEX,YMI,2008-11-10,0.35,0.43,0.30,0.31,96500,0.31
AMEX,YMI,2008-11-07,0.41,0.50,0.38,0.38,80500,0.38
AMEX,YMI,2008-11-06,0.51,0.51,0.42,0.44,61000,0.44
AMEX,YMI,2008-11-05,0.48,0.54,0.45,0.48,285100,0.48
AMEX,YMI,2008-11-04,0.33,0.46,0.30,0.45,252000,0.45
AMEX,YMI,2008-11-03,0.30,0.33,0.28,0.28,28100,0.28
AMEX,YMI,2008-10-31,0.26,0.30,0.25,0.30,116500,0.30
AMEX,YMI,2008-10-30,0.27,0.28,0.25,0.27,67200,0.27
AMEX,YMI,2008-10-29,0.27,0.28,0.24,0.25,250700,0.25
AMEX,YMI,2008-10-28,0.24,0.27,0.23,0.26,109000,0.26
AMEX,YMI,2008-10-27,0.27,0.27,0.24,0.24,564700,0.24
AMEX,YMI,2008-10-24,0.26,0.29,0.26,0.27,25800,0.27
AMEX,YMI,2008-10-23,0.31,0.31,0.28,0.30,131500,0.30
AMEX,YMI,2008-10-22,0.36,0.36,0.28,0.28,28600,0.28
AMEX,YMI,2008-10-21,0.27,0.32,0.27,0.30,76300,0.30
AMEX,YMI,2008-10-20,0.26,0.28,0.26,0.27,37100,0.27
AMEX,YMI,2008-10-17,0.27,0.31,0.21,0.26,181300,0.26
AMEX,YMI,2008-10-16,0.32,0.33,0.30,0.30,10000,0.30
AMEX,YMI,2008-10-15,0.30,0.35,0.29,0.30,10300,0.30
AMEX,YMI,2008-10-14,0.38,0.38,0.30,0.32,13100,0.32
AMEX,YMI,2008-10-13,0.26,0.35,0.26,0.35,110500,0.35
AMEX,YMI,2008-10-10,0.30,0.30,0.22,0.29,223500,0.29
AMEX,YMI,2008-10-09,0.29,0.32,0.28,0.30,124000,0.30
AMEX,YMI,2008-10-08,0.31,0.38,0.29,0.32,138700,0.32
AMEX,YMI,2008-10-07,0.36,0.40,0.33,0.34,20100,0.34
AMEX,YMI,2008-10-06,0.40,0.40,0.35,0.36,35500,0.36
AMEX,YMI,2008-10-03,0.41,0.47,0.41,0.41,54800,0.41
AMEX,YMI,2008-10-02,0.45,0.48,0.41,0.41,45600,0.41
AMEX,YMI,2008-10-01,0.49,0.49,0.45,0.47,32900,0.47
AMEX,YMI,2008-09-30,0.43,0.46,0.43,0.44,94200,0.44
AMEX,YMI,2008-09-29,0.42,0.47,0.41,0.41,57800,0.41
AMEX,YMI,2008-09-26,0.44,0.46,0.42,0.46,79300,0.46
AMEX,YMI,2008-09-25,0.47,0.51,0.44,0.45,609900,0.45
AMEX,YMI,2008-09-24,0.52,0.52,0.45,0.45,169300,0.45
AMEX,YMI,2008-09-23,0.52,0.56,0.51,0.51,69100,0.51
AMEX,YMI,2008-09-22,0.54,0.58,0.51,0.52,113300,0.52
AMEX,YMI,2008-09-19,0.50,0.60,0.50,0.56,227300,0.56
AMEX,YMI,2008-09-18,0.52,0.53,0.50,0.50,23000,0.50
AMEX,YMI,2008-09-17,0.53,0.54,0.50,0.50,49000,0.50
AMEX,YMI,2008-09-16,0.49,0.52,0.46,0.50,41600,0.50
AMEX,YMI,2008-09-15,0.49,0.53,0.44,0.46,154400,0.46
AMEX,YMI,2008-09-12,0.52,0.55,0.52,0.52,11100,0.52
AMEX,YMI,2008-09-11,0.50,0.59,0.50,0.51,108100,0.51
AMEX,YMI,2008-09-10,0.56,0.59,0.50,0.54,167400,0.54
AMEX,YMI,2008-09-09,0.58,0.58,0.54,0.54,41800,0.54
AMEX,YMI,2008-09-08,0.59,0.59,0.56,0.56,139800,0.56
AMEX,YMI,2008-09-05,0.60,0.61,0.55,0.59,120800,0.59
AMEX,YMI,2008-09-04,0.58,0.61,0.57,0.59,129400,0.59
AMEX,YMI,2008-09-03,0.63,0.63,0.50,0.57,27800,0.57
AMEX,YMI,2008-09-02,0.63,0.63,0.58,0.60,70500,0.60
AMEX,YMI,2008-08-29,0.54,0.61,0.51,0.60,254700,0.60
AMEX,YMI,2008-08-28,0.57,0.59,0.51,0.51,59700,0.51
AMEX,YMI,2008-08-27,0.59,0.59,0.55,0.55,26000,0.55
AMEX,YMI,2008-08-26,0.55,0.59,0.54,0.58,58100,0.58
AMEX,YMI,2008-08-25,0.57,0.59,0.57,0.57,24200,0.57
AMEX,YMI,2008-08-22,0.59,0.64,0.56,0.59,124800,0.59
AMEX,YMI,2008-08-21,0.66,0.68,0.60,0.63,132000,0.63
AMEX,YMI,2008-08-20,0.63,0.68,0.63,0.66,77500,0.66
AMEX,YMI,2008-08-19,0.65,0.67,0.63,0.64,26500,0.64
AMEX,YMI,2008-08-18,0.67,0.69,0.65,0.65,8200,0.65
AMEX,YMI,2008-08-15,0.66,0.69,0.65,0.67,27600,0.67
AMEX,YMI,2008-08-14,0.65,0.69,0.65,0.69,33600,0.69
AMEX,YMI,2008-08-13,0.67,0.68,0.65,0.67,109300,0.67
AMEX,YMI,2008-08-12,0.67,0.68,0.65,0.67,37800,0.67
AMEX,YMI,2008-08-11,0.70,0.70,0.67,0.69,91100,0.69
AMEX,YMI,2008-08-08,0.75,0.77,0.68,0.68,110000,0.68
AMEX,YMI,2008-08-07,0.71,0.74,0.71,0.74,74900,0.74
AMEX,YMI,2008-08-06,0.78,0.80,0.71,0.71,301300,0.71
AMEX,YMI,2008-08-05,0.84,1.01,0.76,0.76,595600,0.76
AMEX,YMI,2008-08-04,1.00,1.00,0.95,0.95,15900,0.95
AMEX,YMI,2008-08-01,1.00,1.00,0.95,1.00,26100,1.00
AMEX,YMI,2008-07-31,0.94,1.02,0.94,1.00,60500,1.00
AMEX,YMI,2008-07-30,0.90,0.99,0.89,0.99,22400,0.99
AMEX,YMI,2008-07-29,0.95,0.99,0.89,0.89,111500,0.89
AMEX,YMI,2008-07-28,0.96,0.98,0.95,0.98,10400,0.98
AMEX,YMI,2008-07-25,0.98,1.01,0.96,0.99,19100,0.99
AMEX,YMI,2008-07-24,1.07,1.07,0.98,0.98,94400,0.98
AMEX,YMI,2008-07-23,0.97,1.01,0.91,1.00,60800,1.00
AMEX,YMI,2008-07-22,1.00,1.00,0.95,0.97,111200,0.97
AMEX,YMI,2008-07-21,0.87,0.94,0.85,0.94,45900,0.94
AMEX,YMI,2008-07-18,0.78,0.86,0.78,0.85,72100,0.85
AMEX,YMI,2008-07-17,0.75,0.83,0.75,0.81,126700,0.81
AMEX,YMI,2008-07-16,0.73,0.78,0.73,0.75,88300,0.75
AMEX,YMI,2008-07-15,0.80,0.80,0.73,0.73,203900,0.73
AMEX,YMI,2008-07-14,0.75,0.79,0.75,0.75,101800,0.75
AMEX,YMI,2008-07-11,0.74,0.78,0.74,0.76,103200,0.76
AMEX,YMI,2008-07-10,0.73,0.83,0.73,0.78,223800,0.78
AMEX,YMI,2008-07-09,0.76,0.77,0.70,0.77,374000,0.77
AMEX,YMI,2008-07-08,0.90,0.90,0.71,0.76,244500,0.76
AMEX,YMI,2008-07-07,0.93,0.95,0.90,0.91,63100,0.91
AMEX,YMI,2008-07-03,0.91,0.98,0.91,0.94,31300,0.94
AMEX,YMI,2008-07-02,0.95,0.97,0.91,0.92,76500,0.92
AMEX,YMI,2008-07-01,0.95,1.00,0.94,0.95,49600,0.95
AMEX,YMI,2008-06-30,0.93,0.99,0.92,0.98,84100,0.98
AMEX,YMI,2008-06-27,0.99,0.99,0.93,0.93,69000,0.93
AMEX,YMI,2008-06-26,0.96,0.99,0.92,0.92,31800,0.92
AMEX,YMI,2008-06-25,0.98,1.00,0.97,0.98,18000,0.98
AMEX,YMI,2008-06-24,0.98,1.01,0.94,0.94,21700,0.94
AMEX,YMI,2008-06-23,1.00,1.05,0.98,1.01,78400,1.01
AMEX,YMI,2008-06-20,0.92,0.99,0.90,0.99,231800,0.99
AMEX,YMI,2008-06-19,0.88,0.90,0.86,0.87,77700,0.87
AMEX,YMI,2008-06-18,0.88,0.88,0.85,0.87,105800,0.87
AMEX,YMI,2008-06-17,0.93,0.93,0.88,0.88,25000,0.88
AMEX,YMI,2008-06-16,0.87,0.92,0.87,0.90,9100,0.90
AMEX,YMI,2008-06-13,0.93,0.93,0.87,0.88,23000,0.88
AMEX,YMI,2008-06-12,0.92,0.93,0.90,0.90,40900,0.90
AMEX,YMI,2008-06-11,0.90,0.93,0.88,0.91,78500,0.91
AMEX,YMI,2008-06-10,0.90,0.92,0.88,0.89,32300,0.89
AMEX,YMI,2008-06-09,0.90,0.93,0.90,0.90,27900,0.90
AMEX,YMI,2008-06-06,0.92,0.94,0.90,0.93,19900,0.93
AMEX,YMI,2008-06-05,0.94,0.94,0.93,0.93,36100,0.93
AMEX,YMI,2008-06-04,0.92,0.97,0.91,0.93,14300,0.93
AMEX,YMI,2008-06-03,0.91,0.94,0.90,0.93,82800,0.93
AMEX,YMI,2008-06-02,0.99,0.99,0.90,0.94,54400,0.94
AMEX,YMI,2008-05-30,0.96,0.98,0.91,0.95,127400,0.95
AMEX,YMI,2008-05-29,0.94,1.00,0.94,0.99,24600,0.99
AMEX,YMI,2008-05-28,0.95,1.00,0.95,1.00,16900,1.00
AMEX,YMI,2008-05-27,0.96,1.00,0.95,0.95,9400,0.95
AMEX,YMI,2008-05-23,0.97,0.99,0.97,0.97,16300,0.97
AMEX,YMI,2008-05-22,0.98,1.02,0.95,0.99,76400,0.99
AMEX,YMI,2008-05-21,1.00,1.02,0.98,1.00,66600,1.00
AMEX,YMI,2008-05-20,1.03,1.03,0.99,1.00,114500,1.00
AMEX,YMI,2008-05-19,1.00,1.03,1.00,1.01,53800,1.01
AMEX,YMI,2008-05-16,1.01,1.03,1.00,1.00,33200,1.00
AMEX,YMI,2008-05-15,1.00,1.03,0.99,1.00,38200,1.00
AMEX,YMI,2008-05-14,1.00,1.03,1.00,1.00,55500,1.00
AMEX,YMI,2008-05-13,1.00,1.04,1.00,1.01,54200,1.01
AMEX,YMI,2008-05-12,1.02,1.04,1.00,1.04,44000,1.04
AMEX,YMI,2008-05-09,1.00,1.05,1.00,1.03,51300,1.03
AMEX,YMI,2008-05-08,1.02,1.03,1.00,1.00,43600,1.00
AMEX,YMI,2008-05-07,0.94,1.02,0.94,1.01,77600,1.01
AMEX,YMI,2008-05-06,0.96,0.98,0.95,0.96,55700,0.96
AMEX,YMI,2008-05-05,0.94,0.95,0.92,0.95,24500,0.95
AMEX,YMI,2008-05-02,0.91,0.94,0.88,0.93,76100,0.93
AMEX,YMI,2008-05-01,1.00,1.00,0.87,0.87,141200,0.87
AMEX,YMI,2008-04-30,0.98,0.98,0.91,0.94,70800,0.94
AMEX,YMI,2008-04-29,0.98,1.00,0.93,0.94,254900,0.94
AMEX,YMI,2008-04-28,0.95,1.00,0.95,0.99,46000,0.99
AMEX,YMI,2008-04-25,0.98,1.01,0.98,0.98,54700,0.98
AMEX,YMI,2008-04-24,0.92,1.00,0.92,0.98,60700,0.98
AMEX,YMI,2008-04-23,0.98,1.04,0.98,0.98,53500,0.98
AMEX,YMI,2008-04-22,1.01,1.04,1.00,1.04,13900,1.04
AMEX,YMI,2008-04-21,1.02,1.05,0.97,1.03,66900,1.03
AMEX,YMI,2008-04-18,1.01,1.04,0.99,1.03,72200,1.03
AMEX,YMI,2008-04-17,1.02,1.04,1.01,1.01,17700,1.01
AMEX,YMI,2008-04-16,1.00,1.05,1.00,1.01,26500,1.01
AMEX,YMI,2008-04-15,1.00,1.05,1.00,1.01,28200,1.01
AMEX,YMI,2008-04-14,1.05,1.05,1.00,1.02,29500,1.02
AMEX,YMI,2008-04-11,1.04,1.04,1.00,1.00,31500,1.00
AMEX,YMI,2008-04-10,1.01,1.03,1.01,1.02,25000,1.02
AMEX,YMI,2008-04-09,1.03,1.03,1.01,1.01,5700,1.01
AMEX,YMI,2008-04-08,1.00,1.04,1.00,1.04,64900,1.04
AMEX,YMI,2008-04-07,1.05,1.06,1.02,1.02,58800,1.02
AMEX,YMI,2008-04-04,0.98,1.02,0.97,1.00,45700,1.00
AMEX,YMI,2008-04-03,1.02,1.02,0.98,0.98,49000,0.98
AMEX,YMI,2008-04-02,0.99,1.02,0.98,0.98,29900,0.98
AMEX,YMI,2008-04-01,0.95,1.00,0.95,0.96,46100,0.96
AMEX,YMI,2008-03-31,0.99,1.02,0.96,0.97,61000,0.97
AMEX,YMI,2008-03-28,1.01,1.02,0.98,0.98,57300,0.98
AMEX,YMI,2008-03-27,1.00,1.01,0.95,0.99,68000,0.99
AMEX,YMI,2008-03-26,0.96,1.04,0.95,0.97,57800,0.97
AMEX,YMI,2008-03-25,0.92,0.96,0.92,0.96,124800,0.96
AMEX,YMI,2008-03-24,0.94,0.96,0.92,0.93,55500,0.93
AMEX,YMI,2008-03-20,0.91,0.94,0.84,0.92,56100,0.92
AMEX,YMI,2008-03-19,0.95,0.96,0.90,0.92,131400,0.92
AMEX,YMI,2008-03-18,0.94,0.98,0.94,0.95,19500,0.95
AMEX,YMI,2008-03-17,0.95,1.00,0.94,0.96,34400,0.96
AMEX,YMI,2008-03-14,1.00,1.01,0.96,0.96,34000,0.96
AMEX,YMI,2008-03-13,0.94,1.03,0.94,0.99,26500,0.99
AMEX,YMI,2008-03-12,0.99,1.05,0.97,0.98,58800,0.98
AMEX,YMI,2008-03-11,0.99,1.14,0.97,1.01,104800,1.01
AMEX,YMI,2008-03-10,0.97,1.01,0.96,0.96,34100,0.96
AMEX,YMI,2008-03-07,1.03,1.04,0.98,1.00,57200,1.00
AMEX,YMI,2008-03-06,1.04,1.06,1.01,1.03,81600,1.03
AMEX,YMI,2008-03-05,1.08,1.09,1.00,1.04,35000,1.04
AMEX,YMI,2008-03-04,1.09,1.10,1.02,1.06,60600,1.06
AMEX,YMI,2008-03-03,1.18,1.21,1.07,1.08,127000,1.08
AMEX,YMI,2008-02-29,1.16,1.20,1.03,1.20,58600,1.20
AMEX,YMI,2008-02-28,1.17,1.18,1.09,1.10,38700,1.10
AMEX,YMI,2008-02-27,1.10,1.19,1.10,1.17,41400,1.17
AMEX,YMI,2008-02-26,1.15,1.18,1.11,1.12,44100,1.12
AMEX,YMI,2008-02-25,1.18,1.24,1.15,1.15,130800,1.15
AMEX,YMI,2008-02-22,1.00,1.18,1.00,1.18,168600,1.18
AMEX,YMI,2008-02-21,1.05,1.07,0.97,0.97,48600,0.97
AMEX,YMI,2008-02-20,1.04,1.07,1.02,1.06,27500,1.06
AMEX,YMI,2008-02-19,1.05,1.06,1.01,1.04,106600,1.04
AMEX,YMI,2008-02-15,1.04,1.04,0.98,1.03,74300,1.03
AMEX,YMI,2008-02-14,0.98,1.03,0.97,1.00,47000,1.00
AMEX,YMI,2008-02-13,1.00,1.05,0.95,0.98,182800,0.98
AMEX,YMI,2008-02-12,1.00,1.02,0.94,0.97,199000,0.97
AMEX,YMI,2008-02-11,0.97,1.00,0.95,0.98,59000,0.98
AMEX,YMI,2008-02-08,0.99,1.00,0.95,0.99,95400,0.99
AMEX,YMI,2008-02-07,0.97,0.99,0.94,0.97,33100,0.97
AMEX,YMI,2008-02-06,0.95,0.99,0.94,0.95,64700,0.95
AMEX,YMI,2008-02-05,0.94,0.99,0.94,0.95,24000,0.95
AMEX,YMI,2008-02-04,0.99,1.01,0.95,0.98,72600,0.98
AMEX,YMI,2008-02-01,1.03,1.03,0.98,0.99,122200,0.99
AMEX,YMI,2008-01-31,1.02,1.05,1.00,1.03,83800,1.03
AMEX,YMI,2008-01-30,1.00,1.03,1.00,1.02,35400,1.02
AMEX,YMI,2008-01-29,1.01,1.04,1.00,1.00,80800,1.00
AMEX,YMI,2008-01-28,0.97,1.03,0.97,1.00,91100,1.00
AMEX,YMI,2008-01-25,0.97,1.04,0.97,0.98,129800,0.98
AMEX,YMI,2008-01-24,1.00,1.03,0.98,0.99,31500,0.99
AMEX,YMI,2008-01-23,1.02,1.05,0.98,1.01,145200,1.01
AMEX,YMI,2008-01-22,1.05,1.05,0.97,1.00,220100,1.00
AMEX,YMI,2008-01-18,1.04,1.09,1.04,1.06,67700,1.06
AMEX,YMI,2008-01-17,1.06,1.11,0.97,1.05,1333900,1.05
AMEX,YMI,2008-01-16,1.15,1.21,1.11,1.19,144400,1.19
AMEX,YMI,2008-01-15,1.16,1.22,1.12,1.18,184700,1.18
AMEX,YMI,2008-01-14,1.18,1.21,1.15,1.15,84800,1.15
AMEX,YMI,2008-01-11,1.23,1.23,1.13,1.17,158700,1.17
AMEX,YMI,2008-01-10,1.15,1.23,1.14,1.22,41500,1.22
AMEX,YMI,2008-01-09,1.21,1.22,1.14,1.19,126800,1.19
AMEX,YMI,2008-01-08,1.23,1.28,1.16,1.17,233500,1.17
AMEX,YMI,2008-01-07,1.30,1.31,1.23,1.23,124900,1.23
AMEX,YMI,2008-01-04,1.26,1.31,1.22,1.27,96700,1.27
AMEX,YMI,2008-01-03,1.25,1.36,1.25,1.29,67200,1.29
AMEX,YMI,2008-01-02,1.32,1.35,1.23,1.31,282300,1.31
AMEX,YMI,2007-12-31,1.24,1.35,1.18,1.33,539600,1.33
AMEX,YMI,2007-12-28,1.29,1.31,1.24,1.29,173800,1.29
AMEX,YMI,2007-12-27,1.26,1.33,1.21,1.31,341100,1.31
AMEX,YMI,2007-12-26,1.19,1.29,1.17,1.29,155400,1.29
AMEX,YMI,2007-12-24,1.23,1.29,1.21,1.21,123400,1.21
AMEX,YMI,2007-12-21,1.44,1.44,1.21,1.24,208100,1.24
AMEX,YMI,2007-12-20,1.21,1.36,1.13,1.33,354000,1.33
AMEX,YMI,2007-12-19,1.18,1.27,1.12,1.21,379200,1.21
AMEX,YMI,2007-12-18,1.18,1.23,1.11,1.18,261400,1.18
AMEX,YMI,2007-12-17,1.10,1.20,1.10,1.14,89200,1.14
AMEX,YMI,2007-12-14,1.15,1.26,1.15,1.18,239400,1.18
AMEX,YMI,2007-12-13,1.16,1.22,1.11,1.20,436200,1.20
AMEX,YMI,2007-12-12,1.23,1.23,1.17,1.19,265500,1.19
AMEX,YMI,2007-12-11,1.23,1.25,1.18,1.24,304500,1.24
AMEX,YMI,2007-12-10,1.22,1.27,1.20,1.24,284300,1.24
AMEX,YMI,2007-12-07,1.30,1.30,1.21,1.25,78700,1.25
AMEX,YMI,2007-12-06,1.26,1.29,1.22,1.28,67100,1.28
AMEX,YMI,2007-12-05,1.25,1.32,1.22,1.28,136200,1.28
AMEX,YMI,2007-12-04,1.35,1.35,1.22,1.28,138000,1.28
AMEX,YMI,2007-12-03,1.30,1.34,1.24,1.30,55200,1.30
AMEX,YMI,2007-11-30,1.28,1.35,1.28,1.30,60800,1.30
AMEX,YMI,2007-11-29,1.28,1.32,1.27,1.31,74800,1.31
AMEX,YMI,2007-11-28,1.25,1.37,1.25,1.34,93900,1.34
AMEX,YMI,2007-11-27,1.36,1.37,1.26,1.34,55200,1.34
AMEX,YMI,2007-11-26,1.30,1.38,1.27,1.34,136000,1.34
AMEX,YMI,2007-11-23,1.24,1.30,1.24,1.29,156000,1.29
AMEX,YMI,2007-11-21,1.25,1.36,1.19,1.26,250700,1.26
AMEX,YMI,2007-11-20,1.30,1.30,1.20,1.25,146200,1.25
AMEX,YMI,2007-11-19,1.30,1.30,1.25,1.29,79800,1.29
AMEX,YMI,2007-11-16,1.30,1.32,1.25,1.30,99900,1.30
AMEX,YMI,2007-11-15,1.25,1.38,1.25,1.28,222600,1.28
AMEX,YMI,2007-11-14,1.20,1.36,1.20,1.29,210700,1.29
AMEX,YMI,2007-11-13,1.19,1.27,1.18,1.22,268800,1.22
AMEX,YMI,2007-11-12,1.18,1.25,1.16,1.21,70600,1.21
AMEX,YMI,2007-11-09,1.32,1.32,1.14,1.20,403300,1.20
AMEX,YMI,2007-11-08,1.23,1.30,1.23,1.30,177400,1.30
AMEX,YMI,2007-11-07,1.32,1.32,1.24,1.26,94000,1.26
AMEX,YMI,2007-11-06,1.35,1.37,1.28,1.29,133300,1.29
AMEX,YMI,2007-11-05,1.32,1.38,1.32,1.35,49200,1.35
AMEX,YMI,2007-11-02,1.31,1.37,1.31,1.37,98900,1.37
AMEX,YMI,2007-11-01,1.33,1.39,1.32,1.38,101300,1.38
AMEX,YMI,2007-10-31,1.35,1.39,1.32,1.38,221300,1.38
AMEX,YMI,2007-10-30,1.36,1.40,1.34,1.36,90000,1.36
AMEX,YMI,2007-10-29,1.35,1.38,1.32,1.36,124400,1.36
AMEX,YMI,2007-10-26,1.36,1.40,1.33,1.38,149700,1.38
AMEX,YMI,2007-10-25,1.40,1.40,1.35,1.35,77400,1.35
AMEX,YMI,2007-10-24,1.33,1.40,1.33,1.40,105000,1.40
AMEX,YMI,2007-10-23,1.35,1.40,1.32,1.34,104700,1.34
AMEX,YMI,2007-10-22,1.33,1.35,1.32,1.35,42500,1.35
AMEX,YMI,2007-10-19,1.29,1.34,1.29,1.30,126600,1.30
AMEX,YMI,2007-10-18,1.34,1.34,1.29,1.29,58400,1.29
AMEX,YMI,2007-10-17,1.29,1.35,1.29,1.30,171600,1.30
AMEX,YMI,2007-10-16,1.31,1.32,1.28,1.29,180700,1.29
AMEX,YMI,2007-10-15,1.38,1.38,1.31,1.31,257900,1.31
AMEX,YMI,2007-10-12,1.37,1.39,1.35,1.38,170800,1.38
AMEX,YMI,2007-10-11,1.46,1.50,1.35,1.37,313900,1.37
AMEX,YMI,2007-10-10,1.45,1.45,1.39,1.42,143300,1.42
AMEX,YMI,2007-10-09,1.49,1.49,1.42,1.43,73800,1.43
AMEX,YMI,2007-10-08,1.45,1.45,1.42,1.44,62600,1.44
AMEX,YMI,2007-10-05,1.42,1.48,1.42,1.44,58300,1.44
AMEX,YMI,2007-10-04,1.43,1.46,1.42,1.44,76800,1.44
AMEX,YMI,2007-10-03,1.45,1.48,1.44,1.47,121200,1.47
AMEX,YMI,2007-10-02,1.45,1.49,1.45,1.48,148400,1.48
AMEX,YMI,2007-10-01,1.47,1.52,1.45,1.45,126400,1.45
AMEX,YMI,2007-09-28,1.51,1.55,1.46,1.52,106300,1.52
AMEX,YMI,2007-09-27,1.50,1.51,1.45,1.50,78100,1.50
AMEX,YMI,2007-09-26,1.52,1.55,1.48,1.51,130600,1.51
AMEX,YMI,2007-09-25,1.55,1.57,1.49,1.54,141100,1.54
AMEX,YMI,2007-09-24,1.64,1.65,1.55,1.55,111100,1.55
AMEX,YMI,2007-09-21,1.60,1.62,1.60,1.60,73500,1.60
AMEX,YMI,2007-09-20,1.55,1.61,1.55,1.60,96400,1.60
AMEX,YMI,2007-09-19,1.56,1.64,1.55,1.58,65600,1.58
AMEX,YMI,2007-09-18,1.55,1.60,1.55,1.58,42700,1.58
AMEX,YMI,2007-09-17,1.64,1.64,1.55,1.56,46000,1.56
AMEX,YMI,2007-09-14,1.55,1.61,1.55,1.59,36100,1.59
AMEX,YMI,2007-09-13,1.55,1.65,1.54,1.57,54500,1.57
AMEX,YMI,2007-09-12,1.55,1.59,1.55,1.55,59500,1.55
AMEX,YMI,2007-09-11,1.67,1.67,1.55,1.55,81800,1.55
AMEX,YMI,2007-09-10,1.56,1.60,1.55,1.58,36500,1.58
AMEX,YMI,2007-09-07,1.61,1.65,1.56,1.57,30300,1.57
AMEX,YMI,2007-09-06,1.68,1.71,1.61,1.64,67400,1.64
AMEX,YMI,2007-09-05,1.65,1.73,1.61,1.68,182300,1.68
AMEX,YMI,2007-09-04,1.64,1.65,1.55,1.57,129700,1.57
AMEX,YMI,2007-08-31,1.65,1.67,1.60,1.65,96600,1.65
AMEX,YMI,2007-08-30,1.62,1.65,1.53,1.56,66600,1.56
AMEX,YMI,2007-08-29,1.65,1.65,1.60,1.62,48000,1.62
AMEX,YMI,2007-08-28,1.73,1.73,1.60,1.61,120700,1.61
AMEX,YMI,2007-08-27,1.73,1.76,1.71,1.72,68800,1.72
AMEX,YMI,2007-08-24,1.66,1.73,1.63,1.73,199300,1.73
AMEX,YMI,2007-08-23,1.63,1.70,1.60,1.63,116600,1.63
AMEX,YMI,2007-08-22,1.61,1.70,1.60,1.65,221700,1.65
AMEX,YMI,2007-08-21,1.52,1.59,1.48,1.58,86700,1.58
AMEX,YMI,2007-08-20,1.42,1.53,1.42,1.50,144200,1.50
AMEX,YMI,2007-08-17,1.46,1.52,1.40,1.49,53900,1.49
AMEX,YMI,2007-08-16,1.42,1.52,1.40,1.44,109300,1.44
AMEX,YMI,2007-08-15,1.47,1.64,1.42,1.53,297100,1.53
AMEX,YMI,2007-08-14,1.40,1.42,1.31,1.41,82100,1.41
AMEX,YMI,2007-08-13,1.42,1.47,1.36,1.39,106400,1.39
AMEX,YMI,2007-08-10,1.45,1.47,1.37,1.41,1497200,1.41
AMEX,YMI,2007-08-09,1.43,1.51,1.43,1.47,67700,1.47
AMEX,YMI,2007-08-08,1.41,1.50,1.39,1.45,155500,1.45
AMEX,YMI,2007-08-07,1.51,1.53,1.43,1.44,138900,1.44
AMEX,YMI,2007-08-06,1.57,1.60,1.52,1.52,55300,1.52
AMEX,YMI,2007-08-03,1.57,1.61,1.54,1.57,45200,1.57
AMEX,YMI,2007-08-02,1.58,1.64,1.52,1.58,67000,1.58
AMEX,YMI,2007-08-01,1.60,1.62,1.50,1.57,114700,1.57
AMEX,YMI,2007-07-31,1.61,1.63,1.59,1.61,156800,1.61
AMEX,YMI,2007-07-30,1.64,1.65,1.60,1.61,128200,1.61
AMEX,YMI,2007-07-27,1.65,1.68,1.64,1.65,78200,1.65
AMEX,YMI,2007-07-26,1.68,1.69,1.60,1.65,182800,1.65
AMEX,YMI,2007-07-25,1.69,1.72,1.68,1.68,75300,1.68
AMEX,YMI,2007-07-24,1.72,1.74,1.68,1.71,171400,1.71
AMEX,YMI,2007-07-23,1.80,1.81,1.71,1.72,619600,1.72
AMEX,YMI,2007-07-20,1.81,1.84,1.80,1.80,88600,1.80
AMEX,YMI,2007-07-19,1.81,1.86,1.80,1.82,76000,1.82
AMEX,YMI,2007-07-18,1.80,1.85,1.80,1.83,135500,1.83
AMEX,YMI,2007-07-17,1.81,1.82,1.80,1.81,73300,1.81
AMEX,YMI,2007-07-16,1.88,1.88,1.80,1.82,116400,1.82
AMEX,YMI,2007-07-13,1.88,1.88,1.85,1.88,78700,1.88
AMEX,YMI,2007-07-12,1.84,1.89,1.81,1.89,186100,1.89
AMEX,YMI,2007-07-11,1.83,1.86,1.80,1.86,249500,1.86
AMEX,YMI,2007-07-10,1.82,1.85,1.79,1.80,187000,1.80
AMEX,YMI,2007-07-09,1.86,1.89,1.82,1.84,197700,1.84
AMEX,YMI,2007-07-06,1.82,1.85,1.82,1.84,67800,1.84
AMEX,YMI,2007-07-05,1.80,1.83,1.79,1.82,304500,1.82
AMEX,YMI,2007-07-03,1.80,1.82,1.80,1.81,228600,1.81
AMEX,YMI,2007-07-02,1.80,1.81,1.80,1.80,103800,1.80
AMEX,YMI,2007-06-29,1.82,1.85,1.79,1.81,216200,1.81
AMEX,YMI,2007-06-28,1.84,1.89,1.80,1.82,224300,1.82
AMEX,YMI,2007-06-27,1.86,1.91,1.85,1.85,515100,1.85
AMEX,YMI,2007-06-26,1.82,1.84,1.82,1.82,181800,1.82
AMEX,YMI,2007-06-25,1.82,1.85,1.82,1.82,176600,1.82
AMEX,YMI,2007-06-22,1.82,1.82,1.80,1.80,122200,1.80
AMEX,YMI,2007-06-21,1.80,1.81,1.80,1.80,148300,1.80
AMEX,YMI,2007-06-20,1.82,1.83,1.80,1.80,161100,1.80
AMEX,YMI,2007-06-19,1.80,1.85,1.80,1.84,149300,1.84
AMEX,YMI,2007-06-18,1.82,1.82,1.80,1.81,99100,1.81
AMEX,YMI,2007-06-15,1.86,1.86,1.80,1.81,588000,1.81
AMEX,YMI,2007-06-14,1.78,1.84,1.78,1.80,277700,1.80
AMEX,YMI,2007-06-13,1.78,1.90,1.77,1.80,405700,1.80
AMEX,YMI,2007-06-12,1.76,1.83,1.76,1.79,460800,1.79
AMEX,YMI,2007-06-11,1.85,1.85,1.76,1.77,213800,1.77
AMEX,YMI,2007-06-08,1.84,1.86,1.74,1.80,217000,1.80
AMEX,YMI,2007-06-07,1.80,1.89,1.75,1.80,288300,1.80
AMEX,YMI,2007-06-06,1.93,1.93,1.78,1.80,477100,1.80
AMEX,YMI,2007-06-05,1.91,1.95,1.87,1.90,357300,1.90
AMEX,YMI,2007-06-04,2.05,2.07,1.88,1.95,692100,1.95
AMEX,YMI,2007-06-01,1.89,2.11,1.87,2.06,1513700,2.06
AMEX,YMI,2007-05-31,1.93,1.93,1.87,1.88,260400,1.88
AMEX,YMI,2007-05-30,1.84,1.89,1.81,1.86,365100,1.86
AMEX,YMI,2007-05-29,1.88,1.89,1.80,1.82,160000,1.82
AMEX,YMI,2007-05-25,1.86,1.91,1.82,1.87,188600,1.87
AMEX,YMI,2007-05-24,1.95,1.97,1.85,1.86,323400,1.86
AMEX,YMI,2007-05-23,1.90,1.90,1.80,1.82,231700,1.82
AMEX,YMI,2007-05-22,1.92,1.94,1.85,1.90,153300,1.90
AMEX,YMI,2007-05-21,1.87,1.97,1.81,1.95,711800,1.95
AMEX,YMI,2007-05-18,1.77,1.90,1.76,1.88,348900,1.88
AMEX,YMI,2007-05-17,1.64,1.77,1.61,1.77,150200,1.77
AMEX,YMI,2007-05-16,1.65,1.67,1.59,1.65,232700,1.65
AMEX,YMI,2007-05-15,1.71,1.71,1.65,1.67,91700,1.67
AMEX,YMI,2007-05-14,1.74,1.79,1.64,1.72,220200,1.72
AMEX,YMI,2007-05-11,1.79,1.80,1.71,1.76,196500,1.76
AMEX,YMI,2007-05-10,1.87,1.89,1.79,1.82,161000,1.82
AMEX,YMI,2007-05-09,1.85,1.94,1.82,1.85,118100,1.85
AMEX,YMI,2007-05-08,1.86,1.91,1.83,1.88,123500,1.88
AMEX,YMI,2007-05-07,1.94,1.95,1.85,1.85,189100,1.85
AMEX,YMI,2007-05-04,1.90,1.94,1.86,1.92,205200,1.92
AMEX,YMI,2007-05-03,2.00,2.03,1.85,1.90,719800,1.90
AMEX,YMI,2007-05-02,1.80,1.84,1.78,1.79,123400,1.79
AMEX,YMI,2007-05-01,1.88,1.88,1.77,1.81,224600,1.81
AMEX,YMI,2007-04-30,1.90,1.92,1.81,1.86,111200,1.86
AMEX,YMI,2007-04-27,2.00,2.00,1.78,1.90,377400,1.90
AMEX,YMI,2007-04-26,2.06,2.07,1.92,1.95,397900,1.95
AMEX,YMI,2007-04-25,2.11,2.11,2.00,2.05,559300,2.05
AMEX,YMI,2007-04-24,1.90,2.10,1.89,2.07,1957400,2.07
AMEX,YMI,2007-04-23,1.81,1.94,1.81,1.85,335200,1.85
AMEX,YMI,2007-04-20,1.81,1.94,1.79,1.80,354200,1.80
AMEX,YMI,2007-04-19,1.70,1.96,1.70,1.75,1345500,1.75
AMEX,YMI,2007-04-18,1.65,1.70,1.58,1.67,199900,1.67
AMEX,YMI,2007-04-17,1.70,1.73,1.65,1.65,357300,1.65
AMEX,YMI,2007-04-16,1.66,1.69,1.62,1.64,180300,1.64
AMEX,YMI,2007-04-13,1.68,1.68,1.64,1.67,74500,1.67
AMEX,YMI,2007-04-12,1.71,1.71,1.64,1.66,100100,1.66
AMEX,YMI,2007-04-11,1.72,1.80,1.67,1.70,321400,1.70
AMEX,YMI,2007-04-10,1.74,1.78,1.67,1.70,464000,1.70
AMEX,YMI,2007-04-09,1.64,1.71,1.60,1.65,207400,1.65
AMEX,YMI,2007-04-05,1.59,1.66,1.59,1.60,117800,1.60
AMEX,YMI,2007-04-04,1.60,1.66,1.60,1.64,192000,1.64
AMEX,YMI,2007-04-03,1.79,1.80,1.50,1.64,326200,1.64
AMEX,YMI,2007-04-02,1.71,1.79,1.68,1.75,619900,1.75
AMEX,YMI,2007-03-30,1.47,1.95,1.47,1.95,596600,1.95
AMEX,YMI,2007-03-29,1.51,1.54,1.47,1.48,218600,1.48
AMEX,YMI,2007-03-28,1.51,1.51,1.46,1.48,137900,1.48
AMEX,YMI,2007-03-27,1.50,1.57,1.45,1.57,84000,1.57
AMEX,YMI,2007-03-26,1.47,1.50,1.44,1.47,147500,1.47
AMEX,YMI,2007-03-23,1.50,1.52,1.44,1.52,259200,1.52
AMEX,YMI,2007-03-22,1.49,1.52,1.42,1.50,82100,1.50
AMEX,YMI,2007-03-21,1.50,1.50,1.43,1.50,195000,1.50
AMEX,YMI,2007-03-20,1.52,1.53,1.46,1.50,655600,1.50
AMEX,YMI,2007-03-19,1.52,1.55,1.47,1.52,202400,1.52
AMEX,YMI,2007-03-16,1.56,1.61,1.43,1.50,458500,1.50
AMEX,YMI,2007-03-15,1.65,1.69,1.52,1.53,247400,1.53
AMEX,YMI,2007-03-14,1.70,1.73,1.62,1.64,185400,1.64
AMEX,YMI,2007-03-13,1.70,1.80,1.67,1.69,410200,1.69
AMEX,YMI,2007-03-12,1.56,1.70,1.55,1.70,415800,1.70
AMEX,YMI,2007-03-09,1.58,1.63,1.54,1.58,234100,1.58
AMEX,YMI,2007-03-08,1.57,1.61,1.53,1.59,517600,1.59
AMEX,YMI,2007-03-07,1.56,1.59,1.49,1.55,2729700,1.55
AMEX,YMI,2007-03-06,1.38,1.56,1.33,1.50,1076600,1.50
AMEX,YMI,2007-03-05,1.38,1.40,1.25,1.30,308800,1.30
AMEX,YMI,2007-03-02,1.45,1.45,1.37,1.38,159700,1.38
AMEX,YMI,2007-03-01,1.44,1.49,1.38,1.49,211000,1.49
AMEX,YMI,2007-02-28,1.45,1.50,1.38,1.44,325500,1.44
AMEX,YMI,2007-02-27,1.44,1.48,1.41,1.46,585900,1.46
AMEX,YMI,2007-02-26,1.50,1.52,1.45,1.47,406900,1.47
AMEX,YMI,2007-02-23,1.53,1.58,1.49,1.55,273500,1.55
AMEX,YMI,2007-02-22,1.55,1.58,1.53,1.55,195300,1.55
AMEX,YMI,2007-02-21,1.64,1.64,1.55,1.58,176400,1.58
AMEX,YMI,2007-02-20,1.57,1.60,1.54,1.56,311300,1.56
AMEX,YMI,2007-02-16,1.61,1.66,1.53,1.66,226400,1.66
AMEX,YMI,2007-02-15,1.62,1.63,1.53,1.60,632500,1.60
AMEX,YMI,2007-02-14,1.65,1.65,1.59,1.62,417500,1.62
AMEX,YMI,2007-02-13,1.73,1.73,1.61,1.66,366900,1.66
AMEX,YMI,2007-02-12,1.73,1.77,1.67,1.71,355400,1.71
AMEX,YMI,2007-02-09,1.70,1.80,1.62,1.74,798500,1.74
AMEX,YMI,2007-02-08,1.64,1.73,1.64,1.69,250800,1.69
AMEX,YMI,2007-02-07,1.63,1.71,1.57,1.68,862300,1.68
AMEX,YMI,2007-02-06,1.72,1.73,1.60,1.68,1147300,1.68
AMEX,YMI,2007-02-05,1.70,1.73,1.63,1.68,999800,1.68
AMEX,YMI,2007-02-02,1.75,1.78,1.67,1.70,1288200,1.70
AMEX,YMI,2007-02-01,1.76,1.81,1.71,1.75,2102300,1.75
AMEX,YMI,2007-01-31,2.00,2.00,1.57,1.74,10496900,1.74
AMEX,YMI,2007-01-30,3.64,3.78,3.64,3.77,728600,3.77
AMEX,YMI,2007-01-29,3.72,3.77,3.67,3.73,229500,3.73
AMEX,YMI,2007-01-26,3.83,3.90,3.63,3.70,306200,3.70
AMEX,YMI,2007-01-25,3.90,4.07,3.72,3.73,612300,3.73
AMEX,YMI,2007-01-24,3.61,3.90,3.61,3.90,649400,3.90
AMEX,YMI,2007-01-23,3.58,3.69,3.57,3.58,489300,3.58
AMEX,YMI,2007-01-22,4.10,4.10,3.35,3.55,1045900,3.55
AMEX,YMI,2007-01-19,4.05,4.15,3.98,4.00,783200,4.00
AMEX,YMI,2007-01-18,3.70,4.02,3.67,4.02,954300,4.02
AMEX,YMI,2007-01-17,3.50,3.63,3.46,3.62,386200,3.62
AMEX,YMI,2007-01-16,3.70,3.72,3.42,3.46,837800,3.46
AMEX,YMI,2007-01-12,3.42,3.42,3.36,3.40,322800,3.40
AMEX,YMI,2007-01-11,3.30,3.45,3.30,3.37,555100,3.37
AMEX,YMI,2007-01-10,3.05,3.40,3.03,3.28,820600,3.28
AMEX,YMI,2007-01-09,2.93,3.01,2.92,3.00,350200,3.00
AMEX,YMI,2007-01-08,2.88,2.92,2.88,2.91,310300,2.91
AMEX,YMI,2007-01-05,2.86,2.88,2.84,2.85,115600,2.85
AMEX,YMI,2007-01-04,2.85,2.88,2.82,2.84,227500,2.84
AMEX,YMI,2007-01-03,2.87,2.90,2.81,2.81,194100,2.81
AMEX,YMI,2006-12-29,2.73,2.86,2.70,2.86,551100,2.86
AMEX,YMI,2006-12-28,2.73,2.80,2.72,2.77,178100,2.77
AMEX,YMI,2006-12-27,2.77,2.90,2.74,2.74,221700,2.74
AMEX,YMI,2006-12-26,2.82,2.92,2.80,2.82,132700,2.82
AMEX,YMI,2006-12-22,2.85,2.85,2.78,2.84,146800,2.84
AMEX,YMI,2006-12-21,2.90,2.95,2.82,2.90,299900,2.90
AMEX,YMI,2006-12-20,2.71,2.89,2.71,2.82,224000,2.82
AMEX,YMI,2006-12-19,2.71,2.75,2.69,2.72,237100,2.72
AMEX,YMI,2006-12-18,2.95,2.95,2.71,2.71,335100,2.71
AMEX,YMI,2006-12-15,2.76,2.80,2.68,2.80,234500,2.80
AMEX,YMI,2006-12-14,2.76,2.88,2.70,2.75,156100,2.75
AMEX,YMI,2006-12-13,2.86,2.86,2.70,2.80,482500,2.80
AMEX,YMI,2006-12-12,2.85,2.88,2.76,2.80,323000,2.80
AMEX,YMI,2006-12-11,2.99,2.99,2.84,2.88,322600,2.88
AMEX,YMI,2006-12-08,2.90,3.04,2.88,2.98,505200,2.98
AMEX,YMI,2006-12-07,2.75,2.88,2.75,2.85,254500,2.85
AMEX,YMI,2006-12-06,2.84,2.93,2.73,2.79,741400,2.79
AMEX,YMI,2006-12-05,2.80,3.00,2.80,2.90,288400,2.90
AMEX,YMI,2006-12-04,2.83,2.93,2.70,2.80,1142600,2.80
AMEX,YMI,2006-12-01,2.95,2.95,2.81,2.84,286300,2.84
AMEX,YMI,2006-11-30,2.97,2.97,2.92,2.95,171100,2.95
AMEX,YMI,2006-11-29,3.02,3.04,2.94,2.97,334200,2.97
AMEX,YMI,2006-11-28,3.10,3.10,2.96,3.02,298400,3.02
AMEX,YMI,2006-11-27,3.10,3.10,3.00,3.00,106500,3.00
AMEX,YMI,2006-11-24,3.01,3.05,2.76,3.03,82900,3.03
AMEX,YMI,2006-11-22,3.02,3.04,2.97,3.01,207300,3.01
AMEX,YMI,2006-11-21,2.95,3.06,2.95,2.98,205800,2.98
AMEX,YMI,2006-11-20,2.98,3.12,2.85,2.94,223500,2.94
AMEX,YMI,2006-11-17,2.92,2.96,2.90,2.93,144600,2.93
AMEX,YMI,2006-11-16,3.17,3.17,2.94,2.94,179900,2.94
AMEX,YMI,2006-11-15,3.25,3.25,3.11,3.12,224300,3.12
AMEX,YMI,2006-11-14,3.30,3.30,3.11,3.19,88000,3.19
AMEX,YMI,2006-11-13,3.35,3.35,3.10,3.18,166100,3.18
AMEX,YMI,2006-11-10,3.27,3.39,3.27,3.32,169500,3.32
AMEX,YMI,2006-11-09,3.24,3.45,3.20,3.30,377900,3.30
AMEX,YMI,2006-11-08,3.11,3.24,3.05,3.19,134200,3.19
AMEX,YMI,2006-11-07,3.10,3.11,3.06,3.11,116900,3.11
AMEX,YMI,2006-11-06,3.11,3.12,3.04,3.04,155500,3.04
AMEX,YMI,2006-11-03,3.02,3.11,2.99,3.09,115200,3.09
AMEX,YMI,2006-11-02,3.18,3.18,2.97,3.10,144100,3.10
AMEX,YMI,2006-11-01,3.09,3.12,3.02,3.11,131100,3.11
AMEX,YMI,2006-10-31,3.00,3.10,2.99,3.06,177200,3.06
AMEX,YMI,2006-10-30,3.00,3.05,2.99,3.00,138100,3.00
AMEX,YMI,2006-10-27,2.99,3.00,2.87,2.96,164100,2.96
AMEX,YMI,2006-10-26,3.00,3.00,2.85,2.99,158700,2.99
AMEX,YMI,2006-10-25,2.92,3.00,2.84,2.99,145500,2.99
AMEX,YMI,2006-10-24,2.93,3.00,2.88,2.90,111900,2.90
AMEX,YMI,2006-10-23,3.00,3.00,2.90,2.95,113800,2.95
AMEX,YMI,2006-10-20,3.06,3.06,2.94,2.95,125400,2.95
AMEX,YMI,2006-10-19,3.02,3.17,3.02,3.07,247700,3.07
AMEX,YMI,2006-10-18,2.84,3.05,2.83,2.99,459200,2.99
AMEX,YMI,2006-10-17,2.77,2.80,2.70,2.78,199800,2.78
AMEX,YMI,2006-10-16,2.80,2.82,2.62,2.77,444100,2.77
AMEX,YMI,2006-10-13,2.79,2.85,2.73,2.77,849600,2.77
AMEX,YMI,2006-10-12,2.81,2.92,2.80,2.80,275400,2.80
AMEX,YMI,2006-10-11,2.85,2.93,2.75,2.85,1737500,2.85
AMEX,YMI,2006-10-10,2.80,2.89,2.77,2.89,1523000,2.89
AMEX,YMI,2006-10-09,2.95,3.00,2.75,2.87,407000,2.87
AMEX,YMI,2006-10-06,3.05,3.07,2.94,2.97,199400,2.97
AMEX,YMI,2006-10-05,3.09,3.15,3.00,3.07,241700,3.07
AMEX,YMI,2006-10-04,3.29,3.29,3.10,3.10,266100,3.10
AMEX,YMI,2006-10-03,3.33,3.34,3.18,3.28,165500,3.28
AMEX,YMI,2006-10-02,3.34,3.34,3.25,3.28,294500,3.28
AMEX,YMI,2006-09-29,3.32,3.36,3.32,3.34,208100,3.34
AMEX,YMI,2006-09-28,3.28,3.35,3.22,3.30,198600,3.30
AMEX,YMI,2006-09-27,3.45,3.47,3.26,3.26,314000,3.26
AMEX,YMI,2006-09-26,3.31,3.48,3.31,3.44,265000,3.44
AMEX,YMI,2006-09-25,3.35,3.41,3.22,3.31,214000,3.31
AMEX,YMI,2006-09-22,3.29,3.29,3.12,3.15,278700,3.15
AMEX,YMI,2006-09-21,3.35,3.35,3.27,3.29,157400,3.29
AMEX,YMI,2006-09-20,3.25,3.36,3.25,3.29,114900,3.29
AMEX,YMI,2006-09-19,3.40,3.43,3.25,3.25,112700,3.25
AMEX,YMI,2006-09-18,3.39,3.43,3.34,3.35,98200,3.35
AMEX,YMI,2006-09-15,3.44,3.44,3.25,3.32,203800,3.32
AMEX,YMI,2006-09-14,3.30,3.44,3.29,3.39,210500,3.39
AMEX,YMI,2006-09-13,3.31,3.37,3.25,3.27,139100,3.27
AMEX,YMI,2006-09-12,3.35,3.42,3.20,3.21,175800,3.21
AMEX,YMI,2006-09-11,3.25,3.40,3.25,3.35,181000,3.35
AMEX,YMI,2006-09-08,3.20,3.25,3.15,3.25,87400,3.25
AMEX,YMI,2006-09-07,3.48,3.48,3.12,3.24,173900,3.24
AMEX,YMI,2006-09-06,3.51,3.51,3.27,3.40,138200,3.40
AMEX,YMI,2006-09-05,3.58,3.59,3.45,3.49,157700,3.49
AMEX,YMI,2006-09-01,3.41,3.51,3.41,3.48,203300,3.48
AMEX,YMI,2006-08-31,3.55,3.56,3.40,3.40,327100,3.40
AMEX,YMI,2006-08-30,3.54,3.65,3.43,3.50,536100,3.50
AMEX,YMI,2006-08-29,3.46,3.51,3.40,3.48,269600,3.48
AMEX,YMI,2006-08-28,3.33,3.60,3.30,3.39,611900,3.39
AMEX,YMI,2006-08-25,3.40,3.59,3.19,3.29,399500,3.29
AMEX,YMI,2006-08-24,3.35,3.69,3.27,3.53,735300,3.53
AMEX,YMI,2006-08-23,3.20,3.41,3.02,3.26,780400,3.26
AMEX,YMI,2006-08-22,3.00,3.10,2.90,2.99,274400,2.99
AMEX,YMI,2006-08-21,2.98,3.07,2.89,2.98,149100,2.98
AMEX,YMI,2006-08-18,2.77,2.95,2.77,2.88,166300,2.88
AMEX,YMI,2006-08-17,2.79,2.85,2.71,2.78,252700,2.78
AMEX,YMI,2006-08-16,2.69,2.84,2.69,2.79,180900,2.79
AMEX,YMI,2006-08-15,2.67,2.79,2.63,2.72,226300,2.72
AMEX,YMI,2006-08-14,2.75,2.86,2.66,2.69,419200,2.69
AMEX,YMI,2006-08-11,2.90,2.90,2.58,2.80,774400,2.80
AMEX,YMI,2006-08-10,2.98,2.99,2.80,2.85,254600,2.85
AMEX,YMI,2006-08-09,3.00,3.09,2.85,2.93,308900,2.93
AMEX,YMI,2006-08-08,3.08,3.12,2.95,2.96,191800,2.96
AMEX,YMI,2006-08-07,3.05,3.05,2.95,2.98,141100,2.98
AMEX,YMI,2006-08-04,3.22,3.25,2.94,3.00,331500,3.00
AMEX,YMI,2006-08-03,3.22,3.24,3.02,3.15,377700,3.15
AMEX,YMI,2006-08-02,3.53,3.53,3.13,3.13,533900,3.13
AMEX,YMI,2006-08-01,3.30,3.57,3.29,3.34,729700,3.34
AMEX,YMI,2006-07-31,3.18,3.55,3.18,3.21,347300,3.21
AMEX,YMI,2006-07-28,3.11,3.20,3.02,3.10,248800,3.10
AMEX,YMI,2006-07-27,3.18,3.20,3.06,3.12,206300,3.12
AMEX,YMI,2006-07-26,3.16,3.19,3.00,3.10,174000,3.10
AMEX,YMI,2006-07-25,3.20,3.24,2.99,3.08,211000,3.08
AMEX,YMI,2006-07-24,3.20,3.25,3.08,3.17,129500,3.17
AMEX,YMI,2006-07-21,3.35,3.35,3.14,3.22,113200,3.22
AMEX,YMI,2006-07-20,3.54,3.54,3.20,3.26,168600,3.26
AMEX,YMI,2006-07-19,3.30,3.35,3.24,3.34,90400,3.34
AMEX,YMI,2006-07-18,3.24,3.31,3.01,3.25,250200,3.25
AMEX,YMI,2006-07-17,3.32,3.38,3.05,3.33,157400,3.33
AMEX,YMI,2006-07-14,3.46,3.54,3.20,3.35,199900,3.35
AMEX,YMI,2006-07-13,3.45,3.58,3.41,3.56,97400,3.56
AMEX,YMI,2006-07-12,3.48,3.75,3.41,3.50,194700,3.50
AMEX,YMI,2006-07-11,3.70,3.70,3.43,3.52,154700,3.52
AMEX,YMI,2006-07-10,3.79,3.83,3.63,3.65,115200,3.65
AMEX,YMI,2006-07-07,4.00,4.05,3.65,3.69,246700,3.69
AMEX,YMI,2006-07-06,3.75,3.75,3.59,3.61,149300,3.61
AMEX,YMI,2006-07-05,3.70,3.76,3.67,3.75,62400,3.75
AMEX,YMI,2006-07-03,3.70,3.78,3.69,3.70,27500,3.70
AMEX,YMI,2006-06-30,3.73,3.86,3.69,3.75,226100,3.75
AMEX,YMI,2006-06-29,3.63,3.75,3.63,3.72,174600,3.72
AMEX,YMI,2006-06-28,3.50,3.72,3.50,3.66,118600,3.66
AMEX,YMI,2006-06-27,3.87,3.87,3.62,3.69,332100,3.69
AMEX,YMI,2006-06-26,3.93,3.93,3.74,3.77,241300,3.77
AMEX,YMI,2006-06-23,3.51,3.94,3.51,3.78,297600,3.78
AMEX,YMI,2006-06-22,3.72,3.82,3.57,3.74,684900,3.74
AMEX,YMI,2006-06-21,3.69,3.75,3.57,3.65,210400,3.65
AMEX,YMI,2006-06-20,3.65,3.73,3.52,3.60,473600,3.60
AMEX,YMI,2006-06-19,3.88,3.88,3.60,3.70,403800,3.70
AMEX,YMI,2006-06-16,3.90,4.00,3.77,3.85,476600,3.85
AMEX,YMI,2006-06-15,3.89,3.89,3.77,3.80,524000,3.80
AMEX,YMI,2006-06-14,4.14,4.20,3.85,3.87,658500,3.87
AMEX,YMI,2006-06-13,4.60,4.60,4.13,4.24,485500,4.24
AMEX,YMI,2006-06-12,4.75,4.98,4.55,4.63,155200,4.63
AMEX,YMI,2006-06-09,4.71,4.95,4.71,4.83,74000,4.83
AMEX,YMI,2006-06-08,4.84,4.84,4.65,4.71,185300,4.71
AMEX,YMI,2006-06-07,4.98,4.98,4.65,4.75,470400,4.75
AMEX,YMI,2006-06-06,5.01,5.02,4.90,4.98,125900,4.98
AMEX,YMI,2006-06-05,5.29,5.33,5.05,5.07,124200,5.07
AMEX,YMI,2006-06-02,5.26,5.28,5.10,5.26,247500,5.26
AMEX,YMI,2006-06-01,5.19,5.19,4.90,5.08,297300,5.08
AMEX,YMI,2006-05-31,5.08,5.22,5.07,5.17,192600,5.17
AMEX,YMI,2006-05-30,5.20,5.20,5.05,5.06,293700,5.06
AMEX,YMI,2006-05-26,4.89,5.12,4.82,4.96,201700,4.96
AMEX,YMI,2006-05-25,4.61,4.93,4.61,4.82,252900,4.82
AMEX,YMI,2006-05-24,4.63,4.80,4.55,4.70,64700,4.70
AMEX,YMI,2006-05-23,4.62,4.75,4.51,4.65,172900,4.65
AMEX,YMI,2006-05-22,4.65,4.65,4.45,4.55,252000,4.55
AMEX,YMI,2006-05-19,4.70,4.75,4.46,4.75,260200,4.75
AMEX,YMI,2006-05-18,4.69,4.85,4.51,4.76,340200,4.76
AMEX,YMI,2006-05-17,5.05,5.05,4.36,4.51,1187500,4.51
AMEX,YMI,2006-05-16,5.20,5.20,5.00,5.05,373000,5.05
AMEX,YMI,2006-05-15,5.39,5.43,5.20,5.27,303100,5.27
AMEX,YMI,2006-05-12,5.60,5.60,5.35,5.40,326800,5.40
AMEX,YMI,2006-05-11,5.73,5.73,5.52,5.58,277400,5.58
AMEX,YMI,2006-05-10,5.49,5.73,5.47,5.69,228400,5.69
AMEX,YMI,2006-05-09,5.11,5.78,5.11,5.40,361500,5.40
AMEX,YMI,2006-05-08,5.89,5.89,5.63,5.75,311100,5.75
AMEX,YMI,2006-05-05,5.87,5.87,5.71,5.75,208700,5.75
AMEX,YMI,2006-05-04,5.87,5.90,5.63,5.67,363500,5.67
AMEX,YMI,2006-05-03,5.68,5.86,5.60,5.74,659500,5.74
AMEX,YMI,2006-05-02,5.64,5.67,5.52,5.57,164700,5.57
AMEX,YMI,2006-05-01,5.50,5.63,5.31,5.61,208900,5.61
AMEX,YMI,2006-04-28,5.50,5.67,5.37,5.50,297500,5.50
AMEX,YMI,2006-04-27,5.14,5.55,5.14,5.55,247200,5.55
AMEX,YMI,2006-04-26,5.16,5.32,5.10,5.15,926100,5.15
AMEX,YMI,2006-04-25,5.42,5.42,5.15,5.18,360000,5.18
AMEX,YMI,2006-04-24,5.45,5.54,5.21,5.41,283400,5.41
AMEX,YMI,2006-04-21,5.72,5.72,5.50,5.52,302300,5.52
AMEX,YMI,2006-04-20,5.94,5.94,5.70,5.72,208200,5.72
AMEX,YMI,2006-04-19,5.71,5.91,5.70,5.90,192700,5.90
AMEX,YMI,2006-04-18,5.80,5.83,5.70,5.71,213000,5.71
AMEX,YMI,2006-04-17,5.55,5.85,5.55,5.80,285000,5.80
AMEX,YMI,2006-04-13,5.59,5.70,5.55,5.60,166900,5.60
AMEX,YMI,2006-04-12,5.80,5.90,5.55,5.59,314900,5.59
AMEX,YMI,2006-04-11,5.69,5.93,5.67,5.80,458200,5.80
AMEX,YMI,2006-04-10,5.74,5.75,5.60,5.69,366400,5.69
AMEX,YMI,2006-04-07,5.65,5.86,5.52,5.54,353200,5.54
AMEX,YMI,2006-04-06,5.99,5.99,5.57,5.69,546600,5.69
AMEX,YMI,2006-04-05,6.20,6.28,5.84,5.85,927800,5.85
AMEX,YMI,2006-04-04,5.88,6.17,5.83,6.17,1045800,6.17
AMEX,YMI,2006-04-03,5.45,5.70,5.45,5.69,498200,5.69
AMEX,YMI,2006-03-31,5.52,5.55,5.43,5.51,400700,5.51
AMEX,YMI,2006-03-30,5.41,5.48,5.13,5.38,503400,5.38
AMEX,YMI,2006-03-29,5.77,5.77,5.01,5.40,1461200,5.40
AMEX,YMI,2006-03-28,6.02,6.09,5.49,5.67,881100,5.67
AMEX,YMI,2006-03-27,6.00,6.00,5.92,5.93,170400,5.93
AMEX,YMI,2006-03-24,6.08,6.08,5.92,5.98,415300,5.98
AMEX,YMI,2006-03-23,6.01,6.10,5.93,5.98,228700,5.98
AMEX,YMI,2006-03-22,6.13,6.17,5.95,6.02,899800,6.02
AMEX,YMI,2006-03-21,6.25,6.34,6.15,6.19,309000,6.19
AMEX,YMI,2006-03-20,6.34,6.35,6.21,6.30,413200,6.30
AMEX,YMI,2006-03-17,6.26,6.30,5.90,6.20,687500,6.20
AMEX,YMI,2006-03-16,6.50,6.50,6.25,6.25,811400,6.25
AMEX,YMI,2006-03-15,6.23,6.43,6.22,6.25,1075600,6.25
AMEX,YMI,2006-03-14,6.00,6.20,5.94,6.19,1192100,6.19
AMEX,YMI,2006-03-13,5.66,5.85,5.66,5.77,575100,5.77
AMEX,YMI,2006-03-10,5.51,5.79,5.51,5.66,452000,5.66
AMEX,YMI,2006-03-09,5.41,5.64,5.40,5.46,352900,5.46
AMEX,YMI,2006-03-08,5.36,5.53,5.34,5.41,245500,5.41
AMEX,YMI,2006-03-07,5.61,5.61,5.34,5.48,319300,5.48
AMEX,YMI,2006-03-06,5.60,5.60,5.51,5.57,288900,5.57
AMEX,YMI,2006-03-03,5.70,5.74,5.55,5.61,368400,5.61
AMEX,YMI,2006-03-02,5.55,5.89,5.37,5.68,1150500,5.68
AMEX,YMI,2006-03-01,5.19,5.38,5.11,5.35,294000,5.35
AMEX,YMI,2006-02-28,5.42,5.42,5.15,5.20,239500,5.20
AMEX,YMI,2006-02-27,5.33,5.51,5.25,5.34,297400,5.34
AMEX,YMI,2006-02-24,5.23,5.34,5.22,5.25,345100,5.25
AMEX,YMI,2006-02-23,5.54,5.65,5.25,5.29,532500,5.29
AMEX,YMI,2006-02-22,5.15,5.65,5.10,5.48,646900,5.48
AMEX,YMI,2006-02-21,5.13,5.23,5.00,5.15,569900,5.15
AMEX,YMI,2006-02-17,4.70,5.04,4.70,4.97,997500,4.97
AMEX,YMI,2006-02-16,4.46,4.76,4.42,4.63,400300,4.63
AMEX,YMI,2006-02-15,4.72,4.72,4.43,4.47,421700,4.47
AMEX,YMI,2006-02-14,5.22,5.40,4.52,4.68,1362600,4.68
AMEX,YMI,2006-02-13,5.80,5.80,5.05,5.29,1278100,5.29
AMEX,YMI,2006-02-10,4.83,5.25,4.61,5.03,686500,5.03
AMEX,YMI,2006-02-09,4.55,4.77,4.40,4.71,518800,4.71
AMEX,YMI,2006-02-08,4.16,4.48,4.15,4.48,523100,4.48
AMEX,YMI,2006-02-07,4.25,4.27,4.00,4.03,412700,4.03
AMEX,YMI,2006-02-06,3.75,4.24,3.75,4.17,850300,4.17
AMEX,YMI,2006-02-03,3.89,4.00,3.70,3.73,919500,3.73
AMEX,YMI,2006-02-02,3.61,3.62,3.49,3.51,125600,3.51
AMEX,YMI,2006-02-01,3.45,3.57,3.41,3.53,246100,3.53
AMEX,YMI,2006-01-31,3.50,3.50,3.40,3.42,295600,3.42
AMEX,YMI,2006-01-30,3.15,3.50,3.15,3.40,440400,3.40
AMEX,YMI,2006-01-27,3.14,3.18,3.12,3.15,48300,3.15
AMEX,YMI,2006-01-26,3.15,3.18,3.10,3.14,103800,3.14
AMEX,YMI,2006-01-25,3.22,3.22,3.10,3.15,166900,3.15
AMEX,YMI,2006-01-24,3.28,3.29,3.15,3.22,94500,3.22
AMEX,YMI,2006-01-23,3.25,3.30,3.15,3.22,101900,3.22
AMEX,YMI,2006-01-20,3.20,3.29,3.15,3.20,136400,3.20
AMEX,YMI,2006-01-19,3.30,3.30,3.15,3.20,153400,3.20
AMEX,YMI,2006-01-18,3.31,3.35,3.25,3.29,115900,3.29
AMEX,YMI,2006-01-17,3.40,3.44,3.31,3.34,121800,3.34
AMEX,YMI,2006-01-13,3.45,3.45,3.32,3.40,79800,3.40
AMEX,YMI,2006-01-12,3.55,3.55,3.40,3.45,125400,3.45
AMEX,YMI,2006-01-11,3.64,3.64,3.50,3.55,134700,3.55
AMEX,YMI,2006-01-10,3.69,3.70,3.50,3.70,204400,3.70
AMEX,YMI,2006-01-09,3.40,3.64,3.25,3.53,298700,3.53
AMEX,YMI,2006-01-06,3.24,3.30,3.17,3.30,128300,3.30
AMEX,YMI,2006-01-05,3.20,3.20,3.16,3.20,61400,3.20
AMEX,YMI,2006-01-04,3.15,3.19,3.12,3.15,111600,3.15
AMEX,YMI,2006-01-03,3.19,3.19,3.10,3.14,75900,3.14
AMEX,YMI,2005-12-30,3.16,3.20,3.14,3.20,35600,3.20
AMEX,YMI,2005-12-29,3.10,3.22,3.07,3.16,113500,3.16
AMEX,YMI,2005-12-28,3.10,3.12,3.07,3.10,45900,3.10
AMEX,YMI,2005-12-27,3.10,3.24,3.10,3.10,51000,3.10
AMEX,YMI,2005-12-23,3.10,3.16,3.06,3.10,65700,3.10
AMEX,YMI,2005-12-22,3.02,3.06,3.02,3.04,32900,3.04
AMEX,YMI,2005-12-21,3.05,3.05,3.03,3.05,40900,3.05
AMEX,YMI,2005-12-20,3.01,3.05,2.95,3.04,30700,3.04
AMEX,YMI,2005-12-19,3.04,3.05,3.00,3.01,19800,3.01
AMEX,YMI,2005-12-16,3.00,3.07,2.99,3.03,108400,3.03
AMEX,YMI,2005-12-15,3.10,3.10,2.92,3.00,187900,3.00
AMEX,YMI,2005-12-14,3.00,3.01,2.92,2.99,18800,2.99
AMEX,YMI,2005-12-13,3.00,3.06,2.95,2.96,61100,2.96
AMEX,YMI,2005-12-12,3.00,3.05,2.96,3.01,44700,3.01
AMEX,YMI,2005-12-09,2.98,3.00,2.93,2.99,41900,2.99
AMEX,YMI,2005-12-08,3.04,3.05,2.94,2.96,32400,2.96
AMEX,YMI,2005-12-07,3.10,3.10,3.01,3.04,61400,3.04
AMEX,YMI,2005-12-06,2.95,3.05,2.95,3.02,74200,3.02
AMEX,YMI,2005-12-05,2.90,2.97,2.90,2.95,16000,2.95
AMEX,YMI,2005-12-02,2.99,3.00,2.90,2.90,25200,2.90
AMEX,YMI,2005-12-01,2.99,3.00,2.93,2.98,87700,2.98
AMEX,YMI,2005-11-30,2.97,3.00,2.86,3.00,95800,3.00
AMEX,YMI,2005-11-29,3.00,3.00,2.95,2.97,30100,2.97
AMEX,YMI,2005-11-28,3.08,3.09,3.00,3.03,33600,3.03
AMEX,YMI,2005-11-25,3.05,3.05,2.99,3.04,3600,3.04
AMEX,YMI,2005-11-23,3.02,3.09,2.98,3.03,57400,3.03
AMEX,YMI,2005-11-22,3.05,3.06,2.96,3.02,70000,3.02
AMEX,YMI,2005-11-21,2.95,2.99,2.93,2.99,27300,2.99
AMEX,YMI,2005-11-18,2.98,2.98,2.93,2.96,21600,2.96
AMEX,YMI,2005-11-17,2.90,2.97,2.90,2.95,38100,2.95
AMEX,YMI,2005-11-16,2.98,2.98,2.77,2.87,51300,2.87
AMEX,YMI,2005-11-15,2.96,2.98,2.96,2.97,11700,2.97
AMEX,YMI,2005-11-14,2.98,2.99,2.92,2.98,20200,2.98
AMEX,YMI,2005-11-11,3.04,3.07,3.00,3.00,40000,3.00
AMEX,YMI,2005-11-10,3.05,3.09,2.99,3.02,34500,3.02
AMEX,YMI,2005-11-09,3.10,3.10,3.00,3.02,61100,3.02
AMEX,YMI,2005-11-08,2.95,3.10,2.95,3.07,31600,3.07
AMEX,YMI,2005-11-07,3.00,3.09,2.99,3.04,11100,3.04
AMEX,YMI,2005-11-04,3.00,3.03,2.99,3.01,64400,3.01
AMEX,YMI,2005-11-03,3.00,3.03,2.47,3.03,114200,3.03
AMEX,YMI,2005-11-02,2.94,3.00,2.93,2.97,46500,2.97
AMEX,YMI,2005-11-01,2.98,3.00,2.87,2.90,54300,2.90
AMEX,YMI,2005-10-31,2.90,2.98,2.86,2.98,34600,2.98
AMEX,YMI,2005-10-28,2.85,2.90,2.79,2.90,65700,2.90
AMEX,YMI,2005-10-27,2.81,2.85,2.76,2.82,28200,2.82
AMEX,YMI,2005-10-26,2.77,2.83,2.72,2.80,60200,2.80
AMEX,YMI,2005-10-25,2.67,2.77,2.66,2.73,72000,2.73
AMEX,YMI,2005-10-24,2.74,2.74,2.56,2.65,125300,2.65
AMEX,YMI,2005-10-21,2.83,2.83,2.68,2.68,65900,2.68
AMEX,YMI,2005-10-20,2.78,2.85,2.70,2.80,20800,2.80
AMEX,YMI,2005-10-19,2.79,2.79,2.68,2.79,32200,2.79
AMEX,YMI,2005-10-18,2.80,2.80,2.75,2.80,17300,2.80
AMEX,YMI,2005-10-17,2.89,2.89,2.82,2.86,29400,2.86
AMEX,YMI,2005-10-14,2.88,3.00,2.63,3.00,117700,3.00
AMEX,YMI,2005-10-13,2.58,2.91,2.55,2.86,248600,2.86
AMEX,YMI,2005-10-12,2.60,2.64,2.55,2.59,135200,2.59
AMEX,YMI,2005-10-11,2.55,2.79,2.55,2.61,95400,2.61
AMEX,YMI,2005-10-10,2.55,2.65,2.35,2.55,149200,2.55
AMEX,YMI,2005-10-07,2.62,2.77,2.51,2.55,123500,2.55
AMEX,YMI,2005-10-06,2.92,2.92,2.55,2.60,190100,2.60
AMEX,YMI,2005-10-05,2.92,2.94,2.77,2.94,62200,2.94
AMEX,YMI,2005-10-04,2.97,2.97,2.89,2.92,32800,2.92
AMEX,YMI,2005-10-03,3.00,3.00,2.96,3.00,48000,3.00
AMEX,YMI,2005-09-30,2.99,3.02,2.96,3.00,141100,3.00
AMEX,YMI,2005-09-29,2.91,3.00,2.80,3.00,96000,3.00
AMEX,YMI,2005-09-28,3.00,3.02,2.85,2.91,127300,2.91
AMEX,YMI,2005-09-27,2.98,2.99,2.95,2.96,110500,2.96
AMEX,YMI,2005-09-26,3.06,3.06,2.99,3.00,10700,3.00
AMEX,YMI,2005-09-23,2.99,3.01,2.94,2.97,20900,2.97
AMEX,YMI,2005-09-22,3.00,3.02,2.95,3.00,79400,3.00
AMEX,YMI,2005-09-21,3.01,3.05,3.01,3.02,9600,3.02
AMEX,YMI,2005-09-20,3.04,3.05,3.02,3.05,13100,3.05
AMEX,YMI,2005-09-19,3.02,3.09,3.00,3.04,41800,3.04
AMEX,YMI,2005-09-16,3.09,3.10,3.00,3.06,81900,3.06
AMEX,YMI,2005-09-15,3.00,3.17,3.00,3.09,60800,3.09
AMEX,YMI,2005-09-14,3.04,3.04,2.94,2.99,44600,2.99
AMEX,YMI,2005-09-13,3.00,3.02,2.90,3.01,149800,3.01
AMEX,YMI,2005-09-12,3.01,3.02,2.94,3.02,97200,3.02
AMEX,YMI,2005-09-09,3.04,3.13,2.90,3.01,92900,3.01
AMEX,YMI,2005-09-08,3.10,3.12,3.06,3.08,44600,3.08
AMEX,YMI,2005-09-07,3.12,3.14,3.07,3.14,62900,3.14
AMEX,YMI,2005-09-06,3.19,3.19,3.07,3.14,66600,3.14
AMEX,YMI,2005-09-02,3.16,3.16,3.12,3.16,23100,3.16
AMEX,YMI,2005-09-01,3.12,3.18,3.10,3.13,39100,3.13
AMEX,YMI,2005-08-31,3.09,3.16,2.99,3.16,61000,3.16
AMEX,YMI,2005-08-30,3.09,3.14,3.07,3.09,19500,3.09
AMEX,YMI,2005-08-29,3.08,3.11,3.00,3.09,64100,3.09
AMEX,YMI,2005-08-26,3.10,3.10,3.08,3.09,30000,3.09
AMEX,YMI,2005-08-25,3.11,3.11,3.08,3.10,12000,3.10
AMEX,YMI,2005-08-24,3.11,3.15,3.08,3.10,44700,3.10
AMEX,YMI,2005-08-23,3.15,3.16,3.11,3.11,40900,3.11
AMEX,YMI,2005-08-22,3.19,3.19,3.06,3.14,34700,3.14
AMEX,YMI,2005-08-19,3.08,3.15,3.08,3.14,27000,3.14
AMEX,YMI,2005-08-18,3.09,3.10,3.06,3.09,49100,3.09
AMEX,YMI,2005-08-17,3.10,3.10,3.02,3.05,49100,3.05
AMEX,YMI,2005-08-16,3.10,3.10,3.00,3.03,29700,3.03
AMEX,YMI,2005-08-15,3.16,3.16,2.97,3.00,82100,3.00
AMEX,YMI,2005-08-12,3.07,3.09,3.05,3.08,29700,3.08
AMEX,YMI,2005-08-11,3.05,3.14,3.00,3.08,71700,3.08
AMEX,YMI,2005-08-10,3.05,3.05,3.00,3.03,59400,3.03
AMEX,YMI,2005-08-09,3.09,3.13,3.03,3.04,49900,3.04
AMEX,YMI,2005-08-08,3.14,3.16,2.99,3.08,28100,3.08
AMEX,YMI,2005-08-05,3.17,3.19,3.05,3.16,52100,3.16
AMEX,YMI,2005-08-04,3.14,3.20,3.10,3.15,51600,3.15
AMEX,YMI,2005-08-03,3.15,3.18,3.10,3.15,56800,3.15
AMEX,YMI,2005-08-02,3.25,3.25,3.05,3.16,135600,3.16
AMEX,YMI,2005-08-01,3.08,3.30,3.08,3.25,102900,3.25
AMEX,YMI,2005-07-29,3.00,3.15,2.95,3.06,171400,3.06
AMEX,YMI,2005-07-28,3.13,3.13,2.93,2.93,69400,2.93
AMEX,YMI,2005-07-27,3.01,3.14,2.94,3.09,59300,3.09
AMEX,YMI,2005-07-26,3.02,3.10,2.93,3.05,98300,3.05
AMEX,YMI,2005-07-25,3.04,3.05,3.00,3.03,34800,3.03
AMEX,YMI,2005-07-22,3.08,3.11,3.04,3.05,71300,3.05
AMEX,YMI,2005-07-21,3.05,3.26,3.05,3.07,105300,3.07
AMEX,YMI,2005-07-20,3.05,3.10,2.98,3.05,298000,3.05
AMEX,YMI,2005-07-19,3.02,3.02,2.94,3.00,43700,3.00
AMEX,YMI,2005-07-18,3.03,3.10,2.99,3.02,49500,3.02
AMEX,YMI,2005-07-15,3.02,3.11,3.00,3.02,197900,3.02
AMEX,YMI,2005-07-14,3.00,3.17,3.00,3.02,382200,3.02
AMEX,YMI,2005-07-13,2.91,3.12,2.83,3.07,222800,3.07
AMEX,YMI,2005-07-12,2.88,2.91,2.84,2.91,69800,2.91
AMEX,YMI,2005-07-11,2.77,2.88,2.77,2.88,110900,2.88
AMEX,YMI,2005-07-08,2.70,2.82,2.70,2.77,161300,2.77
AMEX,YMI,2005-07-07,2.68,2.71,2.53,2.70,45600,2.70
AMEX,YMI,2005-07-06,2.74,2.74,2.61,2.65,39700,2.65
AMEX,YMI,2005-07-05,2.60,2.73,2.54,2.71,308600,2.71
AMEX,YMI,2005-07-01,2.45,2.66,2.43,2.61,205500,2.61
AMEX,YMI,2005-06-30,2.38,2.50,2.37,2.45,256700,2.45
AMEX,YMI,2005-06-29,2.31,2.39,2.31,2.38,14500,2.38
AMEX,YMI,2005-06-28,2.35,2.35,2.30,2.35,15100,2.35
AMEX,YMI,2005-06-27,2.37,2.37,2.31,2.35,21500,2.35
AMEX,YMI,2005-06-24,2.38,2.38,2.30,2.37,47500,2.37
AMEX,YMI,2005-06-23,2.30,2.33,2.23,2.32,25900,2.32
AMEX,YMI,2005-06-22,2.27,2.30,2.26,2.27,9400,2.27
AMEX,YMI,2005-06-21,2.25,2.30,2.24,2.28,19400,2.28
AMEX,YMI,2005-06-20,2.27,2.28,2.23,2.25,69800,2.25
AMEX,YMI,2005-06-17,2.19,2.28,2.19,2.27,15100,2.27
AMEX,YMI,2005-06-16,2.22,2.24,2.19,2.24,13500,2.24
AMEX,YMI,2005-06-15,2.17,2.19,2.16,2.19,5300,2.19
AMEX,YMI,2005-06-14,2.14,2.21,2.14,2.16,8400,2.16
AMEX,YMI,2005-06-13,2.23,2.23,2.15,2.16,7800,2.16
AMEX,YMI,2005-06-10,2.25,2.25,2.18,2.20,18200,2.20
AMEX,YMI,2005-06-09,2.21,2.25,2.20,2.25,44100,2.25
AMEX,YMI,2005-06-08,2.20,2.25,2.20,2.24,6900,2.24
AMEX,YMI,2005-06-07,2.26,2.26,2.20,2.23,2900,2.23
AMEX,YMI,2005-06-06,2.26,2.28,2.21,2.25,35500,2.25
AMEX,YMI,2005-06-03,2.30,2.31,2.28,2.30,30000,2.30
AMEX,YMI,2005-06-02,2.30,2.31,2.25,2.30,18500,2.30
AMEX,YMI,2005-06-01,2.36,2.36,2.26,2.29,35600,2.29
AMEX,YMI,2005-05-31,2.21,2.46,2.16,2.46,54800,2.46
AMEX,YMI,2005-05-27,2.21,2.23,2.20,2.23,37300,2.23
AMEX,YMI,2005-05-26,2.17,2.20,2.16,2.20,84900,2.20
AMEX,YMI,2005-05-25,2.23,2.24,2.14,2.17,101900,2.17
AMEX,YMI,2005-05-24,2.22,2.22,2.18,2.21,50500,2.21
AMEX,YMI,2005-05-23,2.21,2.29,2.17,2.29,50700,2.29
AMEX,YMI,2005-05-20,2.17,2.18,2.09,2.14,89800,2.14
AMEX,YMI,2005-05-19,2.15,2.20,2.10,2.10,65900,2.10
AMEX,YMI,2005-05-18,2.16,2.16,2.11,2.11,16000,2.11
AMEX,YMI,2005-05-17,2.09,2.15,2.05,2.15,18100,2.15
AMEX,YMI,2005-05-16,2.13,2.14,2.07,2.13,57300,2.13
AMEX,YMI,2005-05-13,2.12,2.30,2.01,2.17,134900,2.17
AMEX,YMI,2005-05-12,2.28,2.28,2.18,2.19,38000,2.19
AMEX,YMI,2005-05-11,2.32,2.32,2.21,2.27,15800,2.27
AMEX,YMI,2005-05-10,2.33,2.38,2.24,2.32,13400,2.32
AMEX,YMI,2005-05-09,2.35,2.37,2.33,2.34,26800,2.34
AMEX,YMI,2005-05-06,2.32,2.35,2.30,2.35,9200,2.35
AMEX,YMI,2005-05-05,2.32,2.34,2.26,2.34,24500,2.34
AMEX,YMI,2005-05-04,2.25,2.32,2.25,2.32,54500,2.32
AMEX,YMI,2005-05-03,2.34,2.34,2.26,2.30,7900,2.30
AMEX,YMI,2005-05-02,2.37,2.37,2.34,2.34,1800,2.34
AMEX,YMI,2005-04-29,2.22,2.39,2.22,2.38,87100,2.38
AMEX,YMI,2005-04-28,2.18,2.24,2.18,2.21,10800,2.21
AMEX,YMI,2005-04-27,2.22,2.25,2.17,2.25,9100,2.25
AMEX,YMI,2005-04-26,2.27,2.27,2.17,2.23,9000,2.23
AMEX,YMI,2005-04-25,2.28,2.29,2.22,2.26,101000,2.26
AMEX,YMI,2005-04-22,2.32,2.32,2.24,2.26,95800,2.26
AMEX,YMI,2005-04-21,2.15,2.34,2.15,2.30,357400,2.30
AMEX,YMI,2005-04-20,2.20,2.20,2.12,2.16,46100,2.16
AMEX,YMI,2005-04-19,2.23,2.30,2.16,2.17,47700,2.17
AMEX,YMI,2005-04-18,2.30,2.30,2.10,2.24,85500,2.24
AMEX,YMI,2005-04-15,2.40,2.42,2.25,2.35,24700,2.35
AMEX,YMI,2005-04-14,2.48,2.49,2.28,2.44,35200,2.44
AMEX,YMI,2005-04-13,2.45,2.46,2.40,2.46,9800,2.46
AMEX,YMI,2005-04-12,2.45,2.45,2.36,2.45,12200,2.45
AMEX,YMI,2005-04-11,2.48,2.50,2.42,2.45,38200,2.45
AMEX,YMI,2005-04-08,2.64,2.64,2.42,2.54,82200,2.54
AMEX,YMI,2005-04-07,2.60,2.65,2.58,2.62,40400,2.62
AMEX,YMI,2005-04-06,2.60,2.62,2.55,2.60,35200,2.60
AMEX,YMI,2005-04-05,2.40,2.56,2.40,2.56,24600,2.56
AMEX,YMI,2005-04-04,2.58,2.59,2.28,2.45,88300,2.45
AMEX,YMI,2005-04-01,2.60,2.63,2.49,2.58,73700,2.58
AMEX,YMI,2005-03-31,2.60,2.68,2.55,2.55,35500,2.55
AMEX,YMI,2005-03-30,2.59,2.70,2.55,2.58,76400,2.58
AMEX,YMI,2005-03-29,2.61,2.61,2.50,2.59,132000,2.59
AMEX,YMI,2005-03-28,2.50,2.56,2.48,2.55,37700,2.55
AMEX,YMI,2005-03-24,2.56,2.58,2.47,2.55,36000,2.55
AMEX,YMI,2005-03-23,2.69,2.71,2.51,2.56,64200,2.56
AMEX,YMI,2005-03-22,2.83,2.83,2.60,2.66,19500,2.66
AMEX,YMI,2005-03-21,2.79,2.80,2.70,2.74,11200,2.74
AMEX,YMI,2005-03-18,2.72,2.95,2.65,2.78,42600,2.78
AMEX,YMI,2005-03-17,2.83,2.84,2.70,2.75,46400,2.75
AMEX,YMI,2005-03-16,2.97,2.97,2.79,2.82,112000,2.82
AMEX,YMI,2005-03-15,2.90,2.94,2.85,2.90,22600,2.90
AMEX,YMI,2005-03-14,2.88,2.88,2.75,2.84,69800,2.84
AMEX,YMI,2005-03-11,2.80,2.81,2.78,2.81,57200,2.81
AMEX,YMI,2005-03-10,2.81,2.81,2.69,2.76,46700,2.76
AMEX,YMI,2005-03-09,2.75,2.80,2.69,2.80,56900,2.80
AMEX,YMI,2005-03-08,2.97,2.98,2.76,2.79,79500,2.79
AMEX,YMI,2005-03-07,3.00,3.06,2.86,2.96,67200,2.96
AMEX,YMI,2005-03-04,3.08,3.10,2.96,3.00,84500,3.00
AMEX,YMI,2005-03-03,3.13,3.14,3.05,3.08,121300,3.08
AMEX,YMI,2005-03-02,3.12,3.12,3.06,3.09,19400,3.09
AMEX,YMI,2005-03-01,3.15,3.15,3.03,3.09,23300,3.09
AMEX,YMI,2005-02-28,3.20,3.29,2.90,3.10,258300,3.10
AMEX,YMI,2005-02-25,3.06,3.10,3.01,3.10,91200,3.10
AMEX,YMI,2005-02-24,3.09,3.10,3.02,3.06,23900,3.06
AMEX,YMI,2005-02-23,3.00,3.11,2.96,3.08,86200,3.08
AMEX,YMI,2005-02-22,3.02,3.14,2.90,3.14,122000,3.14
AMEX,YMI,2005-02-18,3.17,3.17,3.02,3.09,35800,3.09
AMEX,YMI,2005-02-17,2.99,3.33,2.99,3.11,113500,3.11
AMEX,YMI,2005-02-16,3.00,3.00,2.96,3.00,54400,3.00
AMEX,YMI,2005-02-15,2.95,3.00,2.91,3.00,88200,3.00
AMEX,YMI,2005-02-14,2.88,2.96,2.87,2.94,38600,2.94
AMEX,YMI,2005-02-11,2.91,2.99,2.84,2.90,60500,2.90
AMEX,YMI,2005-02-10,2.95,2.96,2.90,2.91,66900,2.91
AMEX,YMI,2005-02-09,2.95,2.96,2.91,2.96,47400,2.96
AMEX,YMI,2005-02-08,2.87,2.96,2.82,2.94,38100,2.94
AMEX,YMI,2005-02-07,2.86,2.89,2.82,2.86,89900,2.86
AMEX,YMI,2005-02-04,2.84,2.91,2.83,2.90,39900,2.90
AMEX,YMI,2005-02-03,2.95,2.99,2.81,2.87,138200,2.87
AMEX,YMI,2005-02-02,3.03,3.03,2.94,2.98,82100,2.98
AMEX,YMI,2005-02-01,3.05,3.06,2.96,3.02,83400,3.02
AMEX,YMI,2005-01-31,2.89,3.04,2.89,2.97,233700,2.97
AMEX,YMI,2005-01-28,2.82,2.90,2.80,2.86,108500,2.86
AMEX,YMI,2005-01-27,2.90,2.91,2.82,2.82,32800,2.82
AMEX,YMI,2005-01-26,2.86,3.06,2.85,2.91,142600,2.91
AMEX,YMI,2005-01-25,2.73,2.95,2.72,2.85,145300,2.85
AMEX,YMI,2005-01-24,2.77,2.77,2.66,2.66,39600,2.66
AMEX,YMI,2005-01-21,2.85,2.85,2.73,2.75,71900,2.75
AMEX,YMI,2005-01-20,2.80,2.85,2.75,2.84,85400,2.84
AMEX,YMI,2005-01-19,2.78,2.78,2.70,2.77,85100,2.77
AMEX,YMI,2005-01-18,2.75,2.78,2.73,2.76,42200,2.76
AMEX,YMI,2005-01-14,2.84,2.84,2.67,2.75,98700,2.75
AMEX,YMI,2005-01-13,2.77,2.88,2.77,2.78,51700,2.78
AMEX,YMI,2005-01-12,2.77,2.83,2.74,2.78,58100,2.78
AMEX,YMI,2005-01-11,2.71,2.84,2.69,2.77,49900,2.77
AMEX,YMI,2005-01-10,2.66,2.77,2.66,2.76,21600,2.76
AMEX,YMI,2005-01-07,2.70,2.73,2.64,2.69,34200,2.69
AMEX,YMI,2005-01-06,2.60,2.74,2.60,2.70,33300,2.70
AMEX,YMI,2005-01-05,2.77,2.77,2.57,2.61,96600,2.61
AMEX,YMI,2005-01-04,2.99,2.99,2.79,2.82,76100,2.82
AMEX,YMI,2005-01-03,3.16,3.16,2.81,2.91,195000,2.91
AMEX,YMI,2004-12-31,2.87,3.00,2.85,3.00,94400,3.00
AMEX,YMI,2004-12-30,2.81,2.88,2.78,2.88,40500,2.88
AMEX,YMI,2004-12-29,2.95,2.95,2.73,2.89,91900,2.89
AMEX,YMI,2004-12-28,2.70,2.90,2.64,2.86,102600,2.86
AMEX,YMI,2004-12-27,2.79,2.79,2.55,2.70,162400,2.70
AMEX,YMI,2004-12-23,2.97,3.12,2.70,2.80,430000,2.80
AMEX,YMI,2004-12-22,2.51,2.99,2.45,2.92,762900,2.92
AMEX,YMI,2004-12-21,2.53,2.56,2.45,2.50,265300,2.50
AMEX,YMI,2004-12-20,2.37,2.38,2.28,2.32,47200,2.32
AMEX,YMI,2004-12-17,2.37,2.38,2.34,2.37,39300,2.37
AMEX,YMI,2004-12-16,2.32,2.39,2.32,2.34,2400,2.34
AMEX,YMI,2004-12-15,2.35,2.36,2.33,2.36,10400,2.36
AMEX,YMI,2004-12-14,2.35,2.35,2.33,2.34,25100,2.34
AMEX,YMI,2004-12-13,2.39,2.40,2.35,2.35,37900,2.35
AMEX,YMI,2004-12-10,2.39,2.39,2.39,2.39,10600,2.39
AMEX,YMI,2004-12-09,2.35,2.39,2.34,2.39,29700,2.39
AMEX,YMI,2004-12-08,2.32,2.35,2.31,2.35,3200,2.35
AMEX,YMI,2004-12-07,2.33,2.39,2.32,2.32,5500,2.32
AMEX,YMI,2004-12-06,2.40,2.40,2.32,2.38,14100,2.38
AMEX,YMI,2004-12-03,2.47,2.47,2.40,2.40,49100,2.40
AMEX,YMI,2004-12-02,2.40,2.47,2.35,2.45,97600,2.45
AMEX,YMI,2004-12-01,2.39,2.49,2.35,2.37,137800,2.37
AMEX,YMI,2004-11-30,2.39,2.39,2.32,2.38,86600,2.38
AMEX,YMI,2004-11-29,2.32,2.33,2.23,2.27,8600,2.27
AMEX,YMI,2004-11-26,2.32,2.32,2.28,2.30,13900,2.30
AMEX,YMI,2004-11-24,2.38,2.38,2.25,2.33,43700,2.33
AMEX,YMI,2004-11-23,2.34,2.42,2.34,2.38,59600,2.38
AMEX,YMI,2004-11-22,2.26,2.35,2.23,2.34,32700,2.34
AMEX,YMI,2004-11-19,2.15,2.32,2.15,2.25,33000,2.25
AMEX,YMI,2004-11-18,2.22,2.22,2.11,2.12,13200,2.12
AMEX,YMI,2004-11-17,2.27,2.27,2.16,2.20,13500,2.20
AMEX,YMI,2004-11-16,2.28,2.28,2.24,2.24,1600,2.24
AMEX,YMI,2004-11-15,2.27,2.27,2.25,2.25,1400,2.25
AMEX,YMI,2004-11-12,2.27,2.27,2.20,2.25,7700,2.25
AMEX,YMI,2004-11-11,2.15,2.30,2.15,2.27,23200,2.27
AMEX,YMI,2004-11-10,2.21,2.21,2.15,2.20,10300,2.20
AMEX,YMI,2004-11-09,2.25,2.28,2.20,2.22,31700,2.22
AMEX,YMI,2004-11-08,2.20,2.30,2.20,2.28,184200,2.28
AMEX,YMI,2004-11-05,2.20,2.20,2.15,2.15,79000,2.15
AMEX,YMI,2004-11-04,2.21,2.28,2.20,2.22,26800,2.22
AMEX,YMI,2004-11-03,2.17,2.23,2.15,2.19,45000,2.19
AMEX,YMI,2004-11-02,2.12,2.17,2.12,2.15,18900,2.15
AMEX,YMI,2004-11-01,2.15,2.15,2.15,2.15,100,2.15
AMEX,YMI,2004-10-29,2.10,2.15,2.10,2.15,11600,2.15
AMEX,YMI,2004-10-28,2.08,2.08,2.03,2.08,9900,2.08
AMEX,YMI,2004-10-27,2.06,2.09,2.05,2.09,17700,2.09
AMEX,YMI,2004-10-26,2.05,2.06,2.03,2.06,2100,2.06
AMEX,YMI,2004-10-25,1.98,2.09,1.96,2.06,33600,2.06
AMEX,YMI,2004-10-22,2.00,2.00,1.98,1.99,19100,1.99
AMEX,YMI,2004-10-21,2.05,2.07,2.00,2.00,26100,2.00
AMEX,YMI,2004-10-20,2.00,2.00,1.99,2.00,46300,2.00
AMEX,YMI,2004-10-19,2.06,2.06,1.98,2.00,67100,2.00
AMEX,YMI,2004-10-18,2.10,2.12,2.07,2.07,11900,2.07
AMEX,YMI,2004-10-15,2.18,2.18,2.12,2.12,12000,2.12
AMEX,YMI,2004-10-14,2.18,2.19,2.16,2.18,13700,2.18
AMEX,YMI,2004-10-13,2.18,2.19,2.15,2.18,19000,2.18
AMEX,YMI,2004-10-12,2.14,2.17,2.14,2.17,20000,2.17
AMEX,YMI,2004-10-11,2.18,2.18,2.12,2.15,15200,2.15
AMEX,YMI,2004-10-08,2.22,2.22,2.18,2.20,20900,2.20
AMEX,YMI,2004-10-07,2.24,2.24,2.23,2.23,8000,2.23
AMEX,YMI,2004-10-06,2.25,2.25,2.25,2.25,6300,2.25
AMEX,YMI,2004-10-05,2.21,2.24,2.21,2.24,8600,2.24
AMEX,YMI,2004-10-04,2.27,2.27,2.21,2.21,47400,2.21
AMEX,YMI,2004-10-01,2.25,2.32,2.25,2.29,71100,2.29
