exchange,stock_symbol,date,dividends
AMEX,RNJ,2010-01-13,0.064
AMEX,RNJ,2009-12-11,0.064
AMEX,RNJ,2009-11-10,0.064
AMEX,RNJ,2009-10-13,0.064
AMEX,RNJ,2009-09-11,0.064
AMEX,RNJ,2009-08-12,0.061
AMEX,RNJ,2009-07-13,0.061
AMEX,RNJ,2009-06-11,0.061
AMEX,RNJ,2009-05-13,0.051
AMEX,RNJ,2009-04-13,0.051
AMEX,RNJ,2009-03-12,0.051
AMEX,RNJ,2009-02-11,0.051
AMEX,RNJ,2009-01-13,0.051
AMEX,RNJ,2008-12-11,0.051
AMEX,RNJ,2008-11-12,0.051
AMEX,RNJ,2008-10-10,0.051
AMEX,RNJ,2008-09-11,0.051
AMEX,RNJ,2008-08-13,0.051
AMEX,RNJ,2008-07-11,0.051
AMEX,RNJ,2008-06-12,0.051
AMEX,RNJ,2008-05-13,0.068
AMEX,RNJ,2008-04-11,0.068
AMEX,RNJ,2008-03-12,0.068
AMEX,RNJ,2008-02-13,0.068
AMEX,RNJ,2008-01-17,0.068
AMEX,RNJ,2007-12-26,0.029
AMEX,RNJ,2007-12-12,0.068
AMEX,RNJ,2007-11-13,0.068
AMEX,RNJ,2007-10-11,0.068
AMEX,RNJ,2007-09-12,0.068
AMEX,RNJ,2007-08-13,0.068
AMEX,RNJ,2007-07-12,0.068
AMEX,RNJ,2007-06-13,0.068
AMEX,RNJ,2007-05-11,0.068
AMEX,RNJ,2007-04-12,0.068
AMEX,RNJ,2007-03-13,0.068
AMEX,RNJ,2007-02-13,0.07
AMEX,RNJ,2007-01-11,0.07
AMEX,RNJ,2006-12-22,0.038
AMEX,RNJ,2006-12-13,0.07
AMEX,RNJ,2006-11-13,0.07
AMEX,RNJ,2006-10-13,0.07
AMEX,RNJ,2006-10-12,0.07
AMEX,RNJ,2006-09-13,0.07
AMEX,RNJ,2006-08-11,0.07
AMEX,RNJ,2006-07-12,0.132
AMEX,RNJ,2006-06-13,0.07
AMEX,RNJ,2006-05-11,0.07
AMEX,RNJ,2006-04-12,0.07
AMEX,RNJ,2006-03-13,0.07
AMEX,RNJ,2006-02-13,0.07
AMEX,RNJ,2006-01-12,0.07
AMEX,RNJ,2005-12-23,0.064
AMEX,RNJ,2005-12-13,0.07
AMEX,RNJ,2005-11-10,0.07
AMEX,RNJ,2005-10-12,0.07
AMEX,RNJ,2005-09-13,0.07
AMEX,RNJ,2005-08-11,0.07
AMEX,RNJ,2005-07-13,0.07
AMEX,RNJ,2005-06-13,0.067
AMEX,RNJ,2005-05-12,0.067
AMEX,RNJ,2005-04-13,0.067
AMEX,RNJ,2005-03-11,0.067
AMEX,RNJ,2005-02-11,0.067
AMEX,RNJ,2005-01-12,0.067
AMEX,RNJ,2004-12-13,0.067
AMEX,RNJ,2004-11-10,0.067
AMEX,RNJ,2004-10-13,0.067
AMEX,RNJ,2004-09-13,0.067
AMEX,RNJ,2004-08-12,0.067
AMEX,RNJ,2004-07-13,0.067
AMEX,RNJ,2004-06-14,0.067
AMEX,RNJ,2004-05-12,0.067
AMEX,RNJ,2004-04-13,0.067
AMEX,RNJ,2004-03-11,0.067
AMEX,RNJ,2004-02-12,0.067
AMEX,RNJ,2004-01-13,0.067
AMEX,RNJ,2003-12-11,0.067
AMEX,RNJ,2003-11-12,0.067
AMEX,RNJ,2003-10-10,0.067
AMEX,RNJ,2003-09-11,0.067
AMEX,RNJ,2003-08-13,0.067
AMEX,RNJ,2003-07-11,0.067
AMEX,RNJ,2003-06-12,0.066
AMEX,RNJ,2003-05-13,0.066
AMEX,RNJ,2003-04-11,0.066
AMEX,RNJ,2003-03-12,0.066
AMEX,RNJ,2003-02-12,0.066
AMEX,RNJ,2003-01-13,0.066
AMEX,RNJ,2002-12-12,0.066
AMEX,RNJ,2002-11-13,0.066
AMEX,RNJ,2002-10-10,0.066
AMEX,RNJ,2002-09-12,0.066
AMEX,RNJ,2002-08-13,0.066
AMEX,RNJ,2002-07-11,0.066
AMEX,RNJ,2002-06-12,0.061
AMEX,RNJ,2002-05-13,0.061
AMEX,RNJ,2002-04-11,0.061
AMEX,RNJ,2002-03-13,0.061
AMEX,RNJ,2002-02-13,0.061
AMEX,RNJ,2002-01-11,0.061
AMEX,RNJ,2001-12-12,0.061
AMEX,RNJ,2001-11-13,0.061
AMEX,RNJ,2001-10-11,0.061
AMEX,RNJ,2001-08-13,0.061
AMEX,RNJ,2001-07-12,0.061
AMEX,RNJ,2001-06-13,0.061
AMEX,RNJ,2001-05-11,0.061
AMEX,RNJ,2001-04-11,0.061
AMEX,RNJ,2001-03-13,0.061
AMEX,RNJ,2001-02-13,0.061
AMEX,RNJ,2001-01-11,0.061
AMEX,RNJ,2000-12-13,0.061
AMEX,RNJ,2000-11-13,0.061
AMEX,RNJ,2000-10-12,0.061
AMEX,RNJ,2000-09-13,0.061
AMEX,RNJ,2000-08-11,0.061
AMEX,RNJ,2000-07-12,0.061
AMEX,RNJ,2000-06-13,0.061
AMEX,RNJ,2000-05-11,0.061
AMEX,RNJ,2000-04-12,0.061
AMEX,RNJ,2000-03-13,0.061
AMEX,RNJ,2000-02-11,0.061
AMEX,RNJ,2000-01-12,0.061
AMEX,RNJ,1999-12-13,0.061
AMEX,RNJ,1999-11-10,0.061
AMEX,RNJ,1999-10-13,0.061
AMEX,RNJ,1999-09-13,0.061
AMEX,RNJ,1999-08-12,0.061
AMEX,RNJ,1999-07-13,0.061
AMEX,RNJ,1999-06-11,0.061
AMEX,RNJ,1999-05-12,0.061
AMEX,RNJ,1999-04-13,0.061
AMEX,RNJ,1999-03-11,0.061
AMEX,RNJ,1999-02-11,0.061
AMEX,RNJ,1999-01-13,0.061
AMEX,RNJ,1998-12-11,0.061
AMEX,RNJ,1998-11-12,0.061
AMEX,RNJ,1998-10-13,0.061
AMEX,RNJ,1998-09-11,0.061
AMEX,RNJ,1998-08-12,0.061
AMEX,RNJ,1998-07-13,0.061
AMEX,RNJ,1998-06-11,0.061
AMEX,RNJ,1998-05-13,0.058
AMEX,RNJ,1998-04-13,0.058
AMEX,RNJ,1998-03-12,0.058
AMEX,RNJ,1998-02-11,0.058
AMEX,RNJ,1998-01-12,0.058
AMEX,RNJ,1997-12-11,0.058
AMEX,RNJ,1997-11-12,0.058
AMEX,RNJ,1997-10-10,0.058
AMEX,RNJ,1997-09-11,0.058
AMEX,RNJ,1997-08-13,0.058
AMEX,RNJ,1997-07-11,0.058
AMEX,RNJ,1997-06-12,0.058
AMEX,RNJ,1997-05-13,0.058
AMEX,RNJ,1997-04-11,0.058
AMEX,RNJ,1997-03-12,0.058
AMEX,RNJ,1997-02-12,0.058
AMEX,RNJ,1997-01-13,0.058
AMEX,RNJ,1996-12-12,0.058
AMEX,RNJ,1996-11-13,0.058
AMEX,RNJ,1996-10-10,0.058
AMEX,RNJ,1996-09-12,0.058
AMEX,RNJ,1996-08-13,0.058
AMEX,RNJ,1996-07-11,0.058
AMEX,RNJ,1996-06-12,0.058
AMEX,RNJ,1996-05-13,0.058
AMEX,RNJ,1996-04-11,0.058
AMEX,RNJ,1996-03-13,0.058
AMEX,RNJ,1996-02-13,0.064
AMEX,RNJ,1996-01-11,0.064
AMEX,RNJ,1995-12-13,0.064
AMEX,RNJ,1995-11-13,0.064
AMEX,RNJ,1995-10-12,0.064
AMEX,RNJ,1995-09-13,0.055
AMEX,RTM,2009-12-18,0.174
AMEX,RTM,2009-09-18,0.151
AMEX,RTM,2009-03-20,0.188
AMEX,RTM,2008-12-19,0.242
AMEX,RTM,2008-09-19,0.228
AMEX,RTM,2008-06-20,0.294
AMEX,RTM,2008-03-20,0.171
AMEX,RTM,2007-12-21,0.646
AMEX,RTM,2007-09-21,0.188
AMEX,RTM,2007-06-15,0.127
AMEX,RTM,2007-03-16,0.14
AMEX,RTM,2006-12-27,0.149
AMEX,RPV,2009-12-18,0.072
AMEX,RPV,2009-09-18,0.093
AMEX,RPV,2009-03-20,0.163
AMEX,RPV,2008-12-19,0.177
AMEX,RPV,2008-09-19,0.206
AMEX,RPV,2008-06-20,0.256
AMEX,RPV,2008-03-20,0.257
AMEX,RPV,2007-12-21,0.322
AMEX,RPV,2007-09-21,0.205
AMEX,RPV,2007-06-15,0.181
AMEX,RPV,2007-03-16,0.168
AMEX,RPV,2006-12-27,0.195
AMEX,RPV,2006-09-15,0.278
AMEX,RZV,2009-12-18,0.063
AMEX,RZV,2009-09-18,0.032
AMEX,RZV,2009-03-20,0.123
AMEX,RZV,2008-12-19,0.107
AMEX,RZV,2008-09-19,0.204
AMEX,RZV,2008-06-20,0.193
AMEX,RZV,2008-03-20,0.171
AMEX,RZV,2007-12-21,0.13
AMEX,RZV,2007-09-21,0.232
AMEX,RZV,2007-06-15,0.145
AMEX,RZV,2007-03-16,0.146
AMEX,RZV,2006-12-27,0.116
AMEX,RZV,2006-09-15,0.315
AMEX,RPG,2009-12-18,0.046
AMEX,RPG,2009-09-18,0.038
AMEX,RPG,2009-03-20,0.037
AMEX,RPG,2008-12-19,0.066
AMEX,RPG,2008-09-19,0.058
AMEX,RPG,2008-06-20,0.046
AMEX,RPG,2008-03-20,0.042
AMEX,RPG,2007-12-21,0.058
AMEX,RPG,2007-09-21,0.067
AMEX,RPG,2007-06-15,0.084
AMEX,RPG,2007-03-16,0.026
AMEX,RPG,2006-12-27,0.04
AMEX,RPG,2006-09-15,0.074
AMEX,RXL,2009-12-23,0.425
AMEX,RXL,2009-09-24,0.101
AMEX,RXL,2009-06-24,0.092
AMEX,RXL,2009-03-24,0.107
AMEX,RXL,2008-12-23,0.093
AMEX,RXL,2008-09-24,0.107
AMEX,RXL,2008-06-24,0.128
AMEX,RXL,2008-03-25,0.148
AMEX,RXL,2007-12-20,1.503
AMEX,RXL,2007-09-25,0.171
AMEX,RXL,2007-06-26,0.55
AMEX,RWC,2007-10-05,0.5
AMEX,RMM,2009-12-18,0.059
AMEX,RMM,2009-09-18,0.041
AMEX,RMM,2009-03-20,0.045
AMEX,RMM,2008-12-19,0.048
AMEX,RMM,2008-09-19,0.143
AMEX,RMM,2008-06-20,0.063
AMEX,RMM,2008-03-20,0.205
AMEX,RMM,2007-12-26,0.13
AMEX,RXD,2008-12-23,29.664
AMEX,RXD,2008-09-24,0.301
AMEX,RXD,2008-06-24,0.234
AMEX,RXD,2008-03-25,0.367
AMEX,RXD,2007-12-20,0.695
AMEX,RXD,2007-09-25,0.736
AMEX,RXD,2007-06-26,1.189
AMEX,RWM,2008-12-23,24.573
AMEX,RWM,2008-09-24,0.141
AMEX,RWM,2008-06-24,0.116
AMEX,RWM,2008-03-25,0.174
AMEX,RWM,2007-12-20,0.33
AMEX,RWM,2007-09-25,0.667
AMEX,RWM,2007-06-26,0.647
AMEX,ROY,2009-09-09,0.02
AMEX,ROY,2009-03-11,0.02
AMEX,ROY,2008-09-10,0.02
AMEX,ROY,2008-03-12,0.015
AMEX,ROY,2007-09-05,0.015
AMEX,ROY,2007-03-07,0.015
AMEX,RCD,2009-12-18,0.089
AMEX,RCD,2009-09-18,0.065
AMEX,RCD,2009-03-20,0.112
AMEX,RCD,2008-12-19,0.126
AMEX,RCD,2008-09-19,0.105
AMEX,RCD,2008-06-20,0.171
AMEX,RCD,2008-03-20,0.13
AMEX,RCD,2007-12-21,0.21
AMEX,RCD,2007-09-21,0.088
AMEX,RCD,2007-06-15,0.069
AMEX,RCD,2007-03-16,0.071
AMEX,RCD,2006-12-27,0.087
AMEX,ROM,2009-06-24,0.01
AMEX,ROM,2009-03-24,0.044
AMEX,ROM,2008-09-24,0.044
AMEX,ROM,2008-06-24,0.038
AMEX,ROM,2008-03-25,0.058
AMEX,ROM,2007-12-20,2.187
AMEX,ROM,2007-09-25,0.04
AMEX,ROM,2007-06-26,0.278
AMEX,RHS,2009-12-18,0.35
AMEX,RHS,2009-09-18,0.261
AMEX,RHS,2009-03-20,0.19
AMEX,RHS,2008-12-19,0.285
AMEX,RHS,2008-09-19,0.266
AMEX,RHS,2008-06-20,0.236
AMEX,RHS,2008-03-20,0.144
AMEX,RHS,2007-12-21,0.228
AMEX,RHS,2007-09-21,0.208
AMEX,RHS,2007-06-15,0.446
AMEX,RHS,2007-03-16,0.158
AMEX,RHS,2006-12-27,0.148
AMEX,RAA,2010-01-13,0.053
AMEX,RAA,2009-12-11,0.058
AMEX,RAA,2009-11-10,0.053
AMEX,RAA,2009-10-13,0.053
AMEX,RAA,2009-09-11,0.053
AMEX,RAA,2009-08-12,0.052
AMEX,RAA,2009-07-13,0.052
AMEX,RAA,2009-06-11,0.052
AMEX,RAA,2009-05-13,0.047
AMEX,RAA,2009-04-13,0.047
AMEX,RAA,2009-03-12,0.047
AMEX,RAA,2009-02-11,0.047
AMEX,RAA,2009-01-13,0.047
AMEX,RAA,2008-12-11,0.047
AMEX,RAA,2008-11-12,0.047
AMEX,RAA,2008-10-10,0.047
AMEX,RAA,2008-09-11,0.047
AMEX,RAA,2008-08-13,0.047
AMEX,RAA,2008-07-11,0.047
AMEX,RAA,2008-06-12,0.047
AMEX,RAA,2008-05-13,0.048
AMEX,RAA,2008-04-11,0.048
AMEX,RAA,2008-03-12,0.048
AMEX,RAA,2008-02-13,0.048
AMEX,RAA,2008-01-17,0.048
AMEX,RAA,2007-12-12,0.048
AMEX,RAA,2007-11-13,0.048
AMEX,RAA,2007-10-11,0.048
AMEX,RAA,2007-09-12,0.048
AMEX,RAA,2007-08-13,0.048
AMEX,RAA,2007-07-12,0.048
AMEX,RAA,2007-06-13,0.048
AMEX,RAA,2007-05-11,0.048
AMEX,RAA,2007-04-12,0.048
AMEX,RAA,2007-03-13,0.048
AMEX,RAA,2007-02-13,0.048
AMEX,RAA,2007-01-11,0.048
AMEX,RAA,2006-12-22,0.052
AMEX,RAA,2006-12-13,0.048
AMEX,RAA,2006-11-13,0.071
AMEX,RAA,2006-10-13,0.071
AMEX,RAA,2006-10-12,0.071
AMEX,RAA,2006-09-13,0.071
AMEX,RAA,2006-08-11,0.071
AMEX,RAA,2006-07-12,0.071
AMEX,RAA,2006-06-13,0.071
AMEX,RAA,2006-05-11,0.071
AMEX,RAA,2006-04-12,0.071
AMEX,RAA,2006-03-13,0.071
AMEX,RAA,2006-02-13,0.071
AMEX,RAA,2006-01-12,0.071
AMEX,RAA,2005-12-13,0.071
AMEX,RAA,2005-11-10,0.071
AMEX,RAA,2005-10-12,0.071
AMEX,RAA,2005-09-13,0.071
AMEX,RAA,2005-08-11,0.071
AMEX,RAA,2005-07-13,0.071
AMEX,RAA,2005-06-13,0.071
AMEX,RAA,2005-05-12,0.071
AMEX,RAA,2005-04-13,0.071
AMEX,RAA,2005-03-11,0.071
AMEX,RAA,2005-02-11,0.071
AMEX,RAA,2005-01-12,0.071
AMEX,RAA,2004-12-13,0.071
AMEX,RAA,2004-11-10,0.071
AMEX,RAA,2004-10-13,0.071
AMEX,RAA,2004-09-13,0.071
AMEX,RAA,2004-08-12,0.071
AMEX,RAA,2004-07-13,0.071
AMEX,RAA,2004-06-14,0.071
AMEX,RAA,2004-05-12,0.071
AMEX,RAA,2004-04-13,0.071
AMEX,RAA,2004-03-11,0.071
AMEX,RAA,2004-02-12,0.071
AMEX,RAA,2004-01-13,0.071
AMEX,RAA,2003-12-11,0.119
AMEX,RAA,2003-11-12,0.071
AMEX,RAA,2003-10-10,0.07
AMEX,RAA,2003-09-11,0.07
AMEX,RAA,2003-08-13,0.07
AMEX,RAA,2003-07-11,0.07
AMEX,RAA,2003-06-12,0.068
AMEX,RAA,2003-05-13,0.068
AMEX,RAA,2003-04-11,0.068
AMEX,RAA,2003-03-12,0.068
AMEX,RAA,2003-02-12,0.068
AMEX,RAA,2003-01-13,0.068
AMEX,RAA,2002-12-12,0.068
AMEX,RAA,2002-11-13,0.068
AMEX,RAA,2002-10-10,0.068
AMEX,RAA,2002-09-12,0.068
AMEX,RAA,2002-08-13,0.068
AMEX,RAA,2002-07-11,0.068
AMEX,RAA,2002-06-12,0.066
AMEX,RAA,2002-05-13,0.065
AMEX,RAA,2002-04-11,0.066
AMEX,RAA,2002-03-13,0.066
AMEX,RAA,2002-02-13,0.066
AMEX,RAA,2002-01-11,0.066
AMEX,RAA,2001-12-12,0.066
AMEX,RAA,2001-11-13,0.066
AMEX,RAA,2001-10-11,0.066
AMEX,RAA,2001-08-13,0.066
AMEX,RAA,2001-07-12,0.066
AMEX,RAA,2001-06-13,0.066
AMEX,RAA,2001-05-11,0.066
AMEX,RAA,2001-04-11,0.066
AMEX,RAA,2001-03-13,0.066
AMEX,RAA,2001-02-13,0.066
AMEX,RAA,2001-01-11,0.066
AMEX,RAA,2000-12-13,0.066
AMEX,RAA,2000-11-13,0.066
AMEX,RAA,2000-10-12,0.066
AMEX,RAA,2000-09-13,0.066
AMEX,RAA,2000-08-11,0.066
AMEX,RAA,2000-07-12,0.066
AMEX,RAA,2000-06-13,0.066
AMEX,RAA,2000-05-11,0.066
AMEX,RAA,2000-04-12,0.066
AMEX,RAA,2000-03-13,0.066
AMEX,RAA,2000-02-11,0.073
AMEX,RAA,2000-01-12,0.073
AMEX,RAA,1999-12-13,0.073
AMEX,RAA,1999-11-10,0.073
AMEX,RAA,1999-10-13,0.073
AMEX,RAA,1999-09-13,0.073
AMEX,RAA,1999-08-12,0.073
AMEX,RAA,1999-07-13,0.074
AMEX,RAA,1999-06-11,0.073
AMEX,RAA,1999-05-12,0.073
AMEX,RAA,1999-04-13,0.073
AMEX,RAA,1999-03-11,0.073
AMEX,RAA,1999-02-11,0.073
AMEX,RAA,1999-01-13,0.073
AMEX,RAA,1998-12-11,0.073
AMEX,RAA,1998-11-12,0.073
AMEX,RAA,1998-10-13,0.073
AMEX,RAA,1998-09-11,0.073
AMEX,RAA,1998-08-12,0.073
AMEX,RAA,1998-07-13,0.073
AMEX,RAA,1998-06-11,0.073
AMEX,RAA,1998-05-13,0.073
AMEX,RAA,1998-04-13,0.073
AMEX,RAA,1998-03-12,0.073
AMEX,RAA,1998-02-11,0.073
AMEX,RAA,1998-01-12,0.073
AMEX,RAA,1997-12-11,0.073
AMEX,RAA,1997-11-12,0.073
AMEX,RAA,1997-10-10,0.073
AMEX,RAA,1997-09-11,0.073
AMEX,RAA,1997-08-13,0.073
AMEX,RAA,1997-07-11,0.073
AMEX,RAA,1997-06-12,0.073
AMEX,RAA,1997-05-13,0.073
AMEX,RAA,1997-04-11,0.073
AMEX,RAA,1997-03-12,0.073
AMEX,RAA,1997-02-12,0.073
AMEX,RAA,1997-01-13,0.073
AMEX,RAA,1996-12-12,0.07
AMEX,RAA,1996-11-13,0.07
AMEX,RAA,1996-10-10,0.07
AMEX,RAA,1996-09-12,0.07
AMEX,RAA,1996-08-13,0.07
AMEX,RAA,1996-07-11,0.07
AMEX,RAA,1996-06-12,0.066
AMEX,RAA,1996-05-13,0.066
AMEX,RAA,1996-04-11,0.066
AMEX,RAA,1996-03-13,0.066
AMEX,RAA,1996-02-13,0.066
AMEX,RAA,1996-01-11,0.066
AMEX,RAA,1995-12-13,0.066
AMEX,RAA,1995-11-13,0.066
AMEX,RAA,1995-10-12,0.066
AMEX,RAA,1995-09-13,0.066
AMEX,RWR,2009-12-18,0.483
AMEX,RWR,2009-09-18,0.453
AMEX,RWR,2009-06-19,0.546
AMEX,RWR,2009-03-20,0.495
AMEX,RWR,2008-09-19,0.853
AMEX,RWR,2008-06-20,0.867
AMEX,RWR,2008-03-20,0.783
AMEX,RWR,2007-12-21,0.736
AMEX,RWR,2007-09-21,0.878
AMEX,RWR,2007-06-15,1.108
AMEX,RWR,2007-03-16,0.567
AMEX,RWR,2006-09-15,0.765
AMEX,RWR,2006-06-16,0.7
AMEX,RWR,2006-03-17,0.46
AMEX,RWR,2005-12-16,1.534
AMEX,RWR,2005-09-16,0.757
AMEX,RWR,2005-06-17,0.688
AMEX,RWR,2005-03-18,0.406
AMEX,RWR,2004-12-17,1.00467
AMEX,RWR,2004-09-17,0.69767
AMEX,RWR,2004-06-18,1.00033
AMEX,RWR,2004-03-19,0.421
AMEX,RWR,2003-12-19,0.44267
AMEX,RWR,2003-09-19,0.625
AMEX,RWR,2003-06-20,0.579
AMEX,RWR,2003-03-21,0.575
AMEX,RWR,2002-12-20,0.49067
AMEX,RWR,2002-09-20,0.54633
AMEX,RWR,2002-06-21,0.49133
AMEX,RWR,2002-03-15,0.518
AMEX,RYH,2009-12-18,0.086
AMEX,RYH,2009-09-18,0.034
AMEX,RYH,2009-03-20,0.051
AMEX,RYH,2008-12-19,0.062
AMEX,RYH,2008-09-19,0.034
AMEX,RYH,2008-06-20,0.028
AMEX,RYH,2008-03-20,0.035
AMEX,RYH,2007-12-21,0.032
AMEX,RYH,2007-09-21,0.025
AMEX,RYH,2007-06-15,0.027
AMEX,RYH,2007-03-16,0.025
AMEX,RYH,2006-12-27,0.028
AMEX,RRZ,2008-12-10,14.376
AMEX,RRZ,2008-09-19,0.209
AMEX,RRZ,2008-06-20,0.24701
AMEX,RRZ,2008-03-20,0.295
AMEX,RRZ,2007-12-26,0.389
AMEX,RGI,2009-12-18,0.155
AMEX,RGI,2009-09-18,0.157
AMEX,RGI,2009-03-20,0.241
AMEX,RGI,2008-12-19,0.188
AMEX,RGI,2008-09-19,0.159
AMEX,RGI,2008-06-20,0.233
AMEX,RGI,2008-03-20,0.088
AMEX,RGI,2007-12-21,1.949
AMEX,RGI,2007-09-21,0.129
AMEX,RGI,2007-06-15,0.126
AMEX,RGI,2007-03-16,0.135
AMEX,RGI,2006-12-27,0.157
AMEX,RFA,2010-01-13,0.07
AMEX,RFA,2009-12-11,0.07
AMEX,RFA,2009-11-10,0.07
AMEX,RFA,2009-10-13,0.07
AMEX,RFA,2009-09-11,0.07
AMEX,RFA,2009-08-12,0.057
AMEX,RFA,2009-07-13,0.057
AMEX,RFA,2009-06-11,0.057
AMEX,RFA,2009-05-13,0.045
AMEX,RFA,2009-04-13,0.045
AMEX,RFA,2009-03-12,0.045
AMEX,RFA,2009-02-11,0.045
AMEX,RFA,2009-01-13,0.045
AMEX,RFA,2008-12-11,0.045
AMEX,RFA,2008-11-12,0.045
AMEX,RFA,2008-10-10,0.045
AMEX,RFA,2008-09-11,0.045
AMEX,RFA,2008-08-13,0.045
AMEX,RFA,2008-07-11,0.045
AMEX,RFA,2008-06-12,0.045
AMEX,RFA,2008-05-13,0.045
AMEX,RFA,2008-04-11,0.045
AMEX,RFA,2008-03-12,0.045
AMEX,RFA,2008-02-13,0.045
AMEX,RFA,2008-01-17,0.045
AMEX,RFA,2007-12-12,0.045
AMEX,RFA,2007-11-13,0.048
AMEX,RFA,2007-10-11,0.048
AMEX,RFA,2007-09-12,0.048
AMEX,RFA,2007-08-13,0.048
AMEX,RFA,2007-07-12,0.048
AMEX,RFA,2007-06-13,0.048
AMEX,RFA,2007-05-11,0.048
AMEX,RFA,2007-04-12,0.048
AMEX,RFA,2007-03-13,0.048
AMEX,RFA,2007-02-13,0.048
AMEX,RFA,2007-01-11,0.048
AMEX,RFA,2006-12-22,0.047
AMEX,RFA,2006-12-13,0.048
AMEX,RFA,2006-11-13,0.071
AMEX,RFA,2006-10-13,0.071
AMEX,RFA,2006-10-12,0.071
AMEX,RFA,2006-09-13,0.071
AMEX,RFA,2006-08-11,0.071
AMEX,RFA,2006-07-12,0.196
AMEX,RFA,2006-06-13,0.071
AMEX,RFA,2006-05-11,0.071
AMEX,RFA,2006-04-12,0.071
AMEX,RFA,2006-03-13,0.071
AMEX,RFA,2006-02-13,0.071
AMEX,RFA,2006-01-12,0.071
AMEX,RFA,2005-12-23,0.13
AMEX,RFA,2005-12-13,0.071
AMEX,RFA,2005-11-10,0.071
AMEX,RFA,2005-10-12,0.071
AMEX,RFA,2005-09-13,0.071
AMEX,RFA,2005-08-11,0.071
AMEX,RFA,2005-07-13,0.071
AMEX,RFA,2005-06-13,0.071
AMEX,RFA,2005-05-12,0.071
AMEX,RFA,2005-04-13,0.071
AMEX,RFA,2005-03-11,0.071
AMEX,RFA,2005-02-11,0.071
AMEX,RFA,2005-01-12,0.071
AMEX,RFA,2004-12-28,0.113
AMEX,RFA,2004-12-13,0.071
AMEX,RFA,2004-11-10,0.071
AMEX,RFA,2004-10-13,0.071
AMEX,RFA,2004-09-13,0.071
AMEX,RFA,2004-08-12,0.071
AMEX,RFA,2004-07-13,0.071
AMEX,RFA,2004-06-14,0.071
AMEX,RFA,2004-05-12,0.071
AMEX,RFA,2004-04-13,0.071
AMEX,RFA,2004-03-11,0.071
AMEX,RFA,2004-02-12,0.071
AMEX,RFA,2004-01-13,0.071
AMEX,RFA,2003-12-11,0.298
AMEX,RFA,2003-11-12,0.071
AMEX,RFA,2003-10-10,0.07
AMEX,RFA,2003-09-11,0.07
AMEX,RFA,2003-08-13,0.07
AMEX,RFA,2003-07-11,0.07
AMEX,RFA,2003-06-12,0.068
AMEX,RFA,2003-05-13,0.068
AMEX,RFA,2003-04-11,0.068
AMEX,RFA,2003-03-12,0.069
AMEX,RFA,2003-02-12,0.069
AMEX,RFA,2003-01-13,0.069
AMEX,RFA,2002-12-12,0.069
AMEX,RFA,2002-11-13,0.069
AMEX,RFA,2002-10-10,0.069
AMEX,RFA,2002-09-12,0.069
AMEX,RFA,2002-08-13,0.069
AMEX,RFA,2002-07-11,0.069
AMEX,RFA,2002-06-12,0.066
AMEX,RFA,2002-05-13,0.067
AMEX,RFA,2002-04-11,0.066
AMEX,RFA,2002-03-13,0.066
AMEX,RFA,2002-02-13,0.066
AMEX,RFA,2002-01-11,0.066
AMEX,RFA,2001-12-12,0.066
AMEX,RFA,2001-11-13,0.066
AMEX,RFA,2001-10-11,0.066
AMEX,RFA,2001-08-13,0.066
AMEX,RFA,2001-07-12,0.066
AMEX,RFA,2001-06-13,0.066
AMEX,RFA,2001-05-11,0.066
AMEX,RFA,2001-04-11,0.066
AMEX,RFA,2001-03-13,0.066
AMEX,RFA,2001-02-13,0.066
AMEX,RFA,2001-01-11,0.066
AMEX,RFA,2000-12-13,0.066
AMEX,RFA,2000-11-13,0.067
AMEX,RFA,2000-10-12,0.067
AMEX,RFA,2000-09-13,0.066
AMEX,RFA,2000-08-11,0.066
AMEX,RFA,2000-07-12,0.066
AMEX,RFA,2000-06-13,0.066
AMEX,RFA,2000-05-11,0.067
AMEX,RFA,2000-04-12,0.066
AMEX,RFA,2000-03-13,0.067
AMEX,RFA,2000-02-11,0.066
AMEX,RFA,2000-01-12,0.066
AMEX,RFA,1999-12-13,0.066
AMEX,RFA,1999-11-10,0.066
AMEX,RFA,1999-10-13,0.067
AMEX,RFA,1999-09-13,0.066
AMEX,RFA,1999-08-12,0.067
AMEX,RFA,1999-07-13,0.067
AMEX,RFA,1999-06-11,0.067
AMEX,RFA,1999-05-12,0.067
AMEX,RFA,1999-04-13,0.067
AMEX,RFA,1999-03-11,0.067
AMEX,RFA,1999-02-11,0.067
AMEX,RFA,1999-01-13,0.067
AMEX,RFA,1998-12-11,0.067
AMEX,RFA,1998-11-12,0.067
AMEX,RFA,1998-10-13,0.067
AMEX,RFA,1998-09-11,0.067
AMEX,RFA,1998-08-12,0.067
AMEX,RFA,1998-07-13,0.067
AMEX,RFA,1998-06-11,0.067
AMEX,RFA,1998-05-13,0.06
AMEX,RFA,1998-04-13,0.06
AMEX,RFA,1998-03-12,0.06
AMEX,RFA,1998-02-11,0.06
AMEX,RFA,1998-01-12,0.06
AMEX,RFA,1997-12-11,0.06
AMEX,RFA,1997-11-12,0.06
AMEX,RFA,1997-10-10,0.06
AMEX,RFA,1997-09-11,0.06
AMEX,RFA,1997-08-13,0.06
AMEX,RFA,1997-07-11,0.06
AMEX,RFA,1997-06-12,0.06
AMEX,RFA,1997-05-13,0.06
AMEX,RFA,1997-04-11,0.06
AMEX,RFA,1997-03-12,0.06
AMEX,RFA,1997-02-12,0.06
AMEX,RFA,1997-01-13,0.06
AMEX,RFA,1996-12-12,0.06
AMEX,RFA,1996-11-13,0.06
AMEX,RFA,1996-10-10,0.06
AMEX,RFA,1996-09-12,0.06
AMEX,RFA,1996-08-13,0.06
AMEX,RFA,1996-07-11,0.06
AMEX,RFA,1996-06-12,0.06
AMEX,RFA,1996-05-13,0.06
AMEX,RFA,1996-04-11,0.06
AMEX,RFA,1996-03-13,0.06
AMEX,RFA,1996-02-13,0.066
AMEX,RFA,1996-01-11,0.066
AMEX,RFA,1995-12-13,0.066
AMEX,RFA,1995-11-13,0.066
AMEX,RFA,1995-10-12,0.066
AMEX,RFA,1995-09-13,0.066
AMEX,RFG,2009-12-18,0.029
AMEX,RFG,2009-09-18,0.011
AMEX,RFG,2009-03-20,0.038
AMEX,RFG,2008-12-19,0.026
AMEX,RFG,2008-09-19,0.001
AMEX,RFG,2007-12-21,0.039
AMEX,RFG,2007-09-21,0.004
AMEX,RFG,2007-06-15,0.006
AMEX,RFG,2007-03-16,0.244
AMEX,RFG,2006-12-27,0.155
AMEX,RFG,2006-09-15,0.013
AMEX,RBY,2006-12-22,0.539
AMEX,RIF,2009-12-09,0.4
AMEX,RIF,2009-09-29,0.4
AMEX,RVR,2009-11-18,0.25
AMEX,RTH,2010-01-20,0.012
AMEX,RTH,2010-01-15,0.025
AMEX,RTH,2009-12-31,0.013
AMEX,RTH,2009-12-22,0.009
AMEX,RTH,2009-12-11,0.006
AMEX,RTH,2009-12-09,0.098
AMEX,RTH,2009-12-01,0.09
AMEX,RTH,2009-11-27,0.003
AMEX,RTH,2009-11-24,0.02
AMEX,RTH,2009-11-18,0.027
AMEX,RTH,2009-11-12,0.04
AMEX,RTH,2009-11-09,0.012
AMEX,RTH,2009-10-21,0.014
AMEX,RTH,2009-10-20,0.011
AMEX,RTH,2009-10-14,0.025
AMEX,RTH,2009-10-09,0.014
AMEX,RTH,2009-09-22,0.009
AMEX,RTH,2009-09-11,0.006
AMEX,RTH,2009-09-01,0.09
AMEX,RTH,2009-08-28,0.003
AMEX,RTH,2009-08-26,0.012
AMEX,RTH,2009-08-19,0.026
AMEX,RTH,2009-08-18,0.027
AMEX,RTH,2009-08-12,0.126
AMEX,RTH,2009-08-11,0.012
AMEX,RTH,2009-07-21,0.011
AMEX,RTH,2009-07-15,0.025
AMEX,RTH,2009-07-02,0.013
AMEX,RTH,2009-06-23,0.009
AMEX,RTH,2009-06-11,0.006
AMEX,RTH,2009-06-09,0.09
AMEX,RTH,2009-05-28,0.003
AMEX,RTH,2009-05-19,0.021
AMEX,RTH,2009-05-18,0.026
AMEX,RTH,2009-05-13,0.126
AMEX,RTH,2009-05-12,0.012
AMEX,RTH,2009-04-20,0.011
AMEX,RTH,2009-04-15,0.024
AMEX,RTH,2009-04-14,0.013
AMEX,RTH,2009-04-06,0.014
AMEX,RTH,2009-03-24,0.007
AMEX,RTH,2009-03-11,0.104
AMEX,RTH,2009-03-10,0.09
AMEX,RTH,2009-02-26,0.003
AMEX,RTH,2009-02-25,0.012
AMEX,RTH,2009-02-18,0.026
AMEX,RTH,2009-02-13,0.021
AMEX,RTH,2009-02-11,0.037
AMEX,RTH,2009-01-21,0.011
AMEX,RTH,2009-01-14,0.024
AMEX,RTH,2009-01-05,0.014
AMEX,RTH,2009-01-02,0.013
AMEX,RTH,2008-12-22,0.007
AMEX,RTH,2008-12-11,0.101
AMEX,RTH,2008-12-10,0.011
AMEX,RTH,2008-12-02,0.09
AMEX,RTH,2008-11-26,0.003
AMEX,RTH,2008-11-25,0.008
AMEX,RTH,2008-11-24,0.012
AMEX,RTH,2008-11-18,0.026
AMEX,RTH,2008-11-13,0.021
AMEX,RTH,2008-11-12,0.027
AMEX,RTH,2008-11-04,0.011
AMEX,RTH,2008-10-17,0.01
AMEX,RTH,2008-10-15,0.024
AMEX,RTH,2008-10-09,0.014
AMEX,RTH,2008-10-08,0.013
AMEX,RTH,2008-09-23,0.007
AMEX,RTH,2008-09-11,0.016
AMEX,RTH,2008-09-02,0.09
AMEX,RTH,2008-08-28,0.003
AMEX,RTH,2008-08-26,0.012
AMEX,RTH,2008-08-18,0.047
AMEX,RTH,2008-08-13,0.1
AMEX,RTH,2008-08-06,0.013
AMEX,RTH,2008-08-05,0.011
AMEX,RTH,2008-07-17,0.01
AMEX,RTH,2008-07-16,0.024
AMEX,RTH,2008-07-03,0.026
AMEX,RTH,2008-06-24,0.007
AMEX,RTH,2008-06-11,0.016
AMEX,RTH,2008-06-04,0.002
AMEX,RTH,2008-06-03,0.09
AMEX,RTH,2008-05-27,0.012
AMEX,RTH,2008-05-19,0.018
AMEX,RTH,2008-05-16,0.022
AMEX,RTH,2008-05-14,0.099
AMEX,RTH,2008-05-13,0.014
AMEX,RTH,2008-05-06,0.011
AMEX,RTH,2008-04-21,0.012
AMEX,RTH,2008-04-17,0.008
AMEX,RTH,2008-04-16,0.022
AMEX,RTH,2008-04-04,0.014
AMEX,RTH,2008-03-25,0.006
AMEX,RTH,2008-03-12,0.101
AMEX,RTH,2008-03-11,0.09
AMEX,RTH,2008-02-28,0.002
AMEX,RTH,2008-02-26,0.012
AMEX,RTH,2008-02-15,0.022
AMEX,RTH,2008-02-14,0.018
AMEX,RTH,2008-02-13,0.023
AMEX,RTH,2008-02-05,0.009
AMEX,RTH,2008-01-17,0.008
AMEX,RTH,2008-01-16,0.022
AMEX,RTH,2008-01-07,0.025
AMEX,RTH,2007-12-24,0.006
AMEX,RTH,2007-12-12,0.094
AMEX,RTH,2007-11-29,0.002
AMEX,RTH,2007-11-28,0.012
AMEX,RTH,2007-11-27,0.11
AMEX,RTH,2007-11-16,0.022
AMEX,RTH,2007-11-13,0.011
AMEX,RTH,2007-11-07,0.018
AMEX,RTH,2007-11-06,0.009
AMEX,RTH,2007-10-18,0.008
AMEX,RTH,2007-10-17,0.022
AMEX,RTH,2007-10-12,0.013
AMEX,RTH,2007-10-04,0.012
AMEX,RTH,2007-09-25,0.006
AMEX,RTH,2007-09-12,0.015
AMEX,RTH,2007-08-29,0.002
AMEX,RTH,2007-08-28,0.102
AMEX,RTH,2007-08-16,0.04
AMEX,RTH,2007-08-15,0.079
AMEX,RTH,2007-08-13,0.011
AMEX,RTH,2007-08-07,0.009
AMEX,RTH,2007-07-25,0.012
AMEX,RTH,2007-07-19,0.008
AMEX,RTH,2007-07-18,0.022
AMEX,RTH,2007-07-06,0.022
AMEX,RTH,2007-06-27,0.006
AMEX,RTH,2007-06-13,0.015
AMEX,RTH,2007-06-05,0.09
AMEX,RTH,2007-05-30,0.002
AMEX,RTH,2007-05-29,0.012
AMEX,RTH,2007-05-16,0.113
AMEX,RTH,2007-05-11,0.011
AMEX,RTH,2007-05-08,0.009
AMEX,RTH,2007-04-25,0.012
AMEX,RTH,2007-04-23,0.009
AMEX,RTH,2007-04-20,0.008
AMEX,RTH,2007-04-18,0.014
AMEX,RTH,2007-04-05,0.013
AMEX,RTH,2007-03-28,0.005
AMEX,RTH,2007-03-14,0.079
AMEX,RTH,2007-03-13,0.015
AMEX,RTH,2007-03-06,0.09
AMEX,RTH,2007-02-27,0.014
AMEX,RTH,2007-02-15,0.019
AMEX,RTH,2007-02-14,0.015
AMEX,RTH,2007-02-13,0.01
AMEX,RTH,2007-02-12,0.01
AMEX,RTH,2007-02-06,0.007
AMEX,RTH,2007-01-18,0.007
AMEX,RTH,2007-01-17,0.014
AMEX,RTH,2006-12-29,0.013
AMEX,RTH,2006-12-28,0.009
AMEX,RTH,2006-12-27,0.005
AMEX,RTH,2006-12-13,0.075
AMEX,RTH,2006-11-29,0.01
AMEX,RTH,2006-11-28,0.102
AMEX,RTH,2006-11-16,0.019
AMEX,RTH,2006-11-15,0.01
AMEX,RTH,2006-11-13,0.01
AMEX,RTH,2006-11-09,0.015
AMEX,RTH,2006-11-07,0.007
AMEX,RTH,2006-10-18,0.019
AMEX,RTH,2006-10-05,0.013
AMEX,RTH,2006-10-02,0.009
AMEX,RTH,2006-09-13,0.015
AMEX,RTH,2006-09-11,0.005
AMEX,RTH,2006-09-05,0.06
AMEX,RTH,2006-08-30,0.002
AMEX,RTH,2006-08-29,0.012
AMEX,RTH,2006-08-16,0.094
AMEX,RTH,2006-08-11,0.01
AMEX,RTH,2006-08-08,0.007
AMEX,RTH,2006-07-28,0.01
AMEX,RTH,2006-07-19,0.019
AMEX,RTH,2006-06-30,0.013
AMEX,RTH,2006-06-29,0.007
AMEX,RTH,2006-06-14,0.02
AMEX,RTH,2006-06-07,1.628
AMEX,RTH,2006-06-06,0.06
AMEX,RTH,2006-05-17,0.088
AMEX,RTH,2006-05-11,0.01
AMEX,RTH,2006-05-09,0.007
AMEX,RTH,2006-04-20,0.005
AMEX,RTH,2006-04-19,0.008
AMEX,RTH,2006-04-18,0.007
AMEX,RTH,2006-04-10,0.015
AMEX,RTH,2006-03-31,0.013
AMEX,RTH,2006-03-29,0.005
AMEX,RTH,2006-03-15,0.06
AMEX,RTH,2006-03-13,0.015
AMEX,RTH,2006-03-07,0.06
AMEX,RTH,2006-02-28,0.012
AMEX,RTH,2006-02-07,0.015
AMEX,RTH,2006-01-19,0.005
AMEX,RTH,2006-01-18,0.008
AMEX,RTH,2005-12-30,0.007
AMEX,RTH,2005-12-29,0.007
AMEX,RTH,2005-12-28,0.005
AMEX,RTH,2005-12-14,0.054
AMEX,RTH,2005-12-13,0.015
AMEX,RTH,2005-11-29,0.06
AMEX,RTH,2005-11-16,0.025
AMEX,RTH,2005-11-09,0.012
AMEX,RTH,2005-11-08,0.006
AMEX,RTH,2005-10-19,0.005
AMEX,RTH,2005-10-07,0.015
AMEX,RTH,2005-10-06,0.007
AMEX,RTH,2005-09-02,0.005
AMEX,RTH,2005-09-01,1.09
AMEX,RTH,2005-08-31,0.012
AMEX,RTH,2005-08-30,0.04
AMEX,RTH,2005-08-17,0.082
AMEX,RTH,2005-08-09,0.006
AMEX,RTH,2005-08-03,0.009
AMEX,RTH,2005-07-13,0.008
AMEX,RTH,2005-07-11,0.015
AMEX,RTH,2005-06-30,0.014
AMEX,RTH,2005-06-14,0.005
AMEX,RTH,2005-06-13,0.005
AMEX,RTH,2005-06-07,0.04
AMEX,RTH,2005-06-01,0.012
AMEX,RTH,2005-05-27,0.015
AMEX,RTH,2005-05-10,0.006
AMEX,RTH,2005-05-04,0.009
AMEX,RTH,2005-04-20,0.005
AMEX,RTH,2005-04-18,0.007
AMEX,RTH,2005-04-13,0.006
AMEX,RTH,2005-04-11,0.015
AMEX,RTH,2005-04-04,3.0
AMEX,RTH,2005-04-01,0.007
AMEX,RTH,2005-03-16,0.054
AMEX,RTH,2005-03-11,0.005
AMEX,RTH,2005-03-08,0.04
AMEX,RTH,2005-03-02,0.026
AMEX,RTH,2005-02-25,0.015
AMEX,RTH,2005-02-16,0.023
AMEX,RTH,2005-02-08,0.005
AMEX,RTH,2005-02-04,0.012
AMEX,RTH,2005-01-20,0.005
AMEX,RTH,2005-01-12,0.006
AMEX,RTH,2005-01-10,0.015
AMEX,RTH,2005-01-03,0.007
AMEX,RTH,2004-12-20,0.098
AMEX,RTH,2004-12-15,0.047
AMEX,RTH,2004-12-13,0.005
AMEX,RTH,2004-12-01,0.01
AMEX,RTH,2004-11-30,0.034
AMEX,RTH,2004-11-29,0.023
AMEX,RTH,2004-11-26,0.014
AMEX,RTH,2004-11-17,0.017
AMEX,RTH,2004-11-10,0.01
AMEX,RTH,2004-11-08,0.005
AMEX,RTH,2004-11-03,0.008
AMEX,RTH,2004-10-20,0.005
AMEX,RTH,2004-10-13,0.006
AMEX,RTH,2004-10-08,0.015
AMEX,RTH,2004-10-04,0.007
AMEX,RTH,2004-09-13,0.005
AMEX,RTH,2004-09-01,0.01
AMEX,RTH,2004-08-31,0.034
AMEX,RTH,2004-08-30,0.015
AMEX,RTH,2004-08-27,0.014
AMEX,RTH,2004-08-25,0.004
AMEX,RTH,2004-08-18,0.07
AMEX,RTH,2004-08-10,0.005
AMEX,RTH,2004-07-21,0.008
AMEX,RTH,2004-07-20,0.005
AMEX,RTH,2004-07-14,0.006
AMEX,RTH,2004-07-12,0.015
AMEX,RTH,2004-07-02,0.006
AMEX,RTH,2004-06-14,0.005
AMEX,RTH,2004-06-08,0.034
AMEX,RTH,2004-06-02,0.01
AMEX,RTH,2004-05-27,0.015
AMEX,RTH,2004-05-26,0.014
AMEX,RTH,2004-05-19,0.059
AMEX,RTH,2004-05-18,0.011
AMEX,RTH,2004-05-11,0.005
AMEX,RTH,2004-05-06,0.008
AMEX,RTH,2004-04-21,0.005
AMEX,RTH,2004-04-19,0.006
AMEX,RTH,2004-04-14,0.004
AMEX,RTH,2004-04-12,0.015
AMEX,RTH,2004-03-17,0.047
AMEX,RTH,2004-03-11,0.005
AMEX,RTH,2004-03-09,0.028
AMEX,RTH,2004-03-03,0.01
AMEX,RTH,2004-02-26,0.015
AMEX,RTH,2004-02-25,0.018
AMEX,RTH,2004-02-18,0.011
AMEX,RTH,2004-02-17,0.008
AMEX,RTH,2004-02-10,0.004
AMEX,RTH,2004-01-20,0.005
AMEX,RTH,2004-01-14,0.004
AMEX,RTH,2004-01-12,0.015
AMEX,RTH,2004-01-05,0.006
AMEX,RTH,2003-12-17,0.036
AMEX,RTH,2003-12-12,0.018
AMEX,RTH,2003-12-11,0.005
AMEX,RTH,2003-12-04,0.008
AMEX,RTH,2003-12-03,0.008
AMEX,RTH,2003-12-02,0.028
AMEX,RTH,2003-11-26,0.014
AMEX,RTH,2003-11-25,0.014
AMEX,RTH,2003-11-18,0.011
AMEX,RTH,2003-11-13,0.008
AMEX,RTH,2003-10-15,0.004
AMEX,RTH,2003-10-10,0.015
AMEX,RTH,2003-10-02,0.033
AMEX,RTH,2003-09-11,0.005
AMEX,RTH,2003-09-03,0.008
AMEX,RTH,2003-09-02,0.028
AMEX,RTH,2003-08-27,0.028
AMEX,RTH,2003-08-18,0.008
AMEX,RTH,2003-07-11,0.015
AMEX,RTH,2003-06-18,0.033
AMEX,RTH,2003-06-12,0.005
AMEX,RTH,2003-06-10,0.024
AMEX,RTH,2003-06-04,0.008
AMEX,RTH,2003-05-28,0.028
AMEX,RTH,2003-05-19,0.007
AMEX,RTH,2003-05-16,0.01
AMEX,RTH,2003-05-06,0.004
AMEX,RTH,2003-04-15,0.004
AMEX,RTH,2003-04-11,0.015
AMEX,RTH,2003-03-19,0.032
AMEX,RTH,2003-03-11,0.024
AMEX,RTH,2003-03-05,0.008
AMEX,RTH,2003-02-26,0.032
AMEX,RTH,2003-02-18,0.01
AMEX,RTH,2003-02-13,0.007
AMEX,RTH,2003-02-04,0.003
AMEX,RTH,2003-01-15,0.004
AMEX,RTH,2003-01-13,0.015
AMEX,RTH,2002-12-18,0.027
AMEX,RTH,2002-12-04,0.01
AMEX,RTH,2002-12-03,0.024
AMEX,RTH,2002-11-26,0.035
AMEX,RTH,2002-11-18,0.01
AMEX,RTH,2002-11-14,0.007
AMEX,RTH,2002-11-05,0.003
AMEX,RTH,2002-10-17,0.004
AMEX,RTH,2002-10-10,0.015
AMEX,RTH,2002-09-19,0.004
AMEX,RTH,2002-09-18,0.027
AMEX,RTH,2002-09-04,0.006
AMEX,RTH,2002-09-03,0.02
AMEX,RTH,2002-08-28,0.027
AMEX,RTH,2002-08-16,0.016
AMEX,RTH,2002-08-06,0.003
AMEX,RTH,2002-07-18,0.004
AMEX,RTH,2002-07-11,0.015
AMEX,RTH,2002-06-19,0.027
AMEX,RTH,2002-06-11,0.02
AMEX,RTH,2002-06-05,0.006
AMEX,RTH,2002-05-29,0.032
AMEX,RTH,2002-05-17,0.007
AMEX,RTH,2002-05-16,0.013
AMEX,RTH,2002-04-19,0.004
AMEX,RTH,2002-04-17,0.003
AMEX,RTH,2002-04-11,0.015
AMEX,RTH,2002-03-20,0.027
AMEX,RTH,2002-03-12,0.02
AMEX,RTH,2002-03-06,0.006
AMEX,RTH,2002-02-27,0.028
AMEX,RTH,2002-02-26,0.004
AMEX,RTH,2002-02-15,0.01
AMEX,RTH,2002-02-13,0.007
AMEX,RTH,2002-02-05,0.002
AMEX,RTH,2002-01-18,0.004
AMEX,RTH,2002-01-16,0.003
AMEX,RTH,2002-01-11,0.015
AMEX,RTH,2001-12-19,0.025
AMEX,RTH,2001-12-05,0.01
AMEX,RTH,2001-11-28,0.048
AMEX,RTH,2001-11-20,0.009
AMEX,RTH,2001-11-14,0.007
AMEX,RTH,2001-11-06,0.002
AMEX,RTH,2001-10-18,0.004
AMEX,RTH,2001-10-17,0.003
AMEX,RTH,2001-10-11,0.015
AMEX,RTH,2001-09-27,0.002
AMEX,RTH,2001-09-21,0.004
AMEX,RTH,2001-09-19,0.025
AMEX,RTH,2001-09-05,0.006
AMEX,RTH,2001-08-29,0.028
AMEX,RTH,2001-08-28,0.016
AMEX,RTH,2001-08-16,0.009
AMEX,RTH,2001-08-07,0.002
AMEX,RTH,2001-07-19,0.004
AMEX,RTH,2001-07-18,0.003
AMEX,RTH,2001-07-12,0.015
AMEX,RTH,2001-06-27,0.002
AMEX,RTH,2001-06-20,0.025
AMEX,RTH,2001-06-12,0.016
AMEX,RTH,2001-06-06,0.006
AMEX,RTH,2001-05-31,0.004
AMEX,RTH,2001-05-30,0.028
AMEX,RZG,2008-12-19,0.072
AMEX,RZG,2008-09-19,0.013
AMEX,RZG,2008-06-20,0.015
AMEX,RZG,2008-03-20,0.157
AMEX,RZG,2007-06-15,0.019
AMEX,RZG,2006-12-27,0.001
AMEX,RSP,2009-12-18,0.126
AMEX,RSP,2009-09-18,0.12
AMEX,RSP,2009-03-20,0.164
AMEX,RSP,2008-12-19,0.143
AMEX,RSP,2008-09-19,0.182
AMEX,RSP,2008-06-20,0.156
AMEX,RSP,2008-03-20,0.165
AMEX,RSP,2007-12-21,0.196
AMEX,RSP,2007-09-21,0.158
AMEX,RSP,2007-06-15,0.161
AMEX,RSP,2007-03-16,0.096
AMEX,RSP,2006-09-15,0.121
AMEX,RSP,2006-06-16,0.127
AMEX,RSP,2006-03-17,0.10575
AMEX,RSP,2005-12-16,0.14525
AMEX,RSP,2005-09-16,0.10725
AMEX,RSP,2005-06-17,0.09475
AMEX,RSP,2005-03-18,0.0885
AMEX,RSP,2004-12-17,0.10825
AMEX,RSP,2004-09-17,0.08725
AMEX,RSP,2004-06-18,0.08925
AMEX,RSP,2004-03-19,0.0835
AMEX,RSP,2003-12-19,0.095
AMEX,RSP,2003-09-19,0.15425
AMEX,RRY,2009-12-18,0.033
AMEX,RRY,2009-09-18,0.023
AMEX,RRY,2009-03-20,0.029
AMEX,RRY,2008-12-19,0.055
AMEX,RRY,2008-09-19,0.069
AMEX,RRY,2008-06-20,0.16
AMEX,RRY,2008-03-20,0.152
AMEX,RRY,2007-12-26,0.166
AMEX,RBI,2010-01-08,0.025
AMEX,RBI,2009-10-07,0.025
AMEX,RBI,2009-07-08,0.025
AMEX,RBI,2009-04-07,0.025
AMEX,RBI,2009-01-14,0.025
AMEX,RBI,2008-10-08,0.025
AMEX,RBI,2008-07-09,0.025
AMEX,RBI,2008-04-09,0.025
AMEX,RBI,2008-01-09,0.025
AMEX,RBI,2007-10-09,0.025
AMEX,RBI,2007-07-05,0.025
AMEX,RBI,2007-04-04,0.025
AMEX,RBI,2006-12-27,0.025
AMEX,RBI,2006-09-27,0.025
AMEX,RBI,2006-06-28,0.025
AMEX,RBI,2006-03-29,0.025
AMEX,RBI,2005-12-28,0.025
AMEX,RBI,2005-09-28,0.025
AMEX,RBI,2005-06-28,0.025
AMEX,RBI,2005-03-29,0.025
AMEX,RBI,2004-12-29,0.025
AMEX,RBI,2004-09-28,0.025
AMEX,RBI,2004-07-07,0.025
AMEX,RBI,2004-04-05,0.025
AMEX,RBI,2003-12-29,0.025
AMEX,RBI,2003-10-01,0.025
AMEX,RBI,2003-07-03,0.025
AMEX,RBI,2003-04-01,0.02
AMEX,RBI,2002-12-27,0.02
AMEX,RBI,2002-09-26,0.02
AMEX,RPI,2008-07-08,0.66
AMEX,RPI,2004-06-21,4.5
AMEX,RPI,2003-08-14,0.55
AMEX,RPI,2001-09-26,0.11
AMEX,RPI,2001-06-27,0.11
AMEX,RPI,2001-03-28,0.11
AMEX,RPI,2000-12-27,0.11
AMEX,RPI,2000-09-27,0.11
AMEX,RPI,2000-07-18,0.25
AMEX,RPI,2000-06-28,0.135
AMEX,RPI,2000-03-29,0.135
AMEX,RPI,1999-12-28,0.135
AMEX,RPI,1999-09-28,0.15
AMEX,RPI,1999-08-19,0.5
AMEX,RPI,1999-06-28,0.15
AMEX,RPI,1999-03-29,0.15
AMEX,RPI,1998-12-29,0.145
AMEX,RPI,1998-09-28,0.145
AMEX,RPI,1998-06-26,0.145
AMEX,RPI,1998-03-27,0.142
AMEX,RPI,1997-12-29,0.14
AMEX,RWX,2009-12-18,0.538
AMEX,RWX,2009-09-18,0.39
AMEX,RWX,2009-06-19,0.33
AMEX,RWX,2009-03-20,0.419
AMEX,RWX,2008-12-29,0.054
AMEX,RWX,2008-09-19,0.461
AMEX,RWX,2008-06-20,0.588
AMEX,RWX,2008-03-20,0.284
AMEX,RWX,2007-12-21,0.464
AMEX,RWX,2007-09-21,0.565
AMEX,RWX,2007-06-15,0.545
AMEX,RWX,2007-03-16,0.227
AMEX,RYU,2009-12-18,0.536
AMEX,RYU,2009-09-18,0.466
AMEX,RYU,2009-03-20,0.372
AMEX,RYU,2008-12-19,0.577
AMEX,RYU,2008-09-19,0.516
AMEX,RYU,2008-06-20,0.447
AMEX,RYU,2008-03-20,0.377
AMEX,RYU,2007-12-21,0.485
AMEX,RYU,2007-09-21,0.61
AMEX,RYU,2007-06-15,0.388
AMEX,RYU,2007-03-16,0.285
AMEX,RYU,2006-12-27,0.277
AMEX,RSW,2008-12-10,18.073
AMEX,RSW,2008-09-19,0.26
AMEX,RSW,2008-06-20,0.226
AMEX,RSW,2008-03-20,0.18401
AMEX,RSW,2007-12-26,0.36001
AMEX,RCG,2008-10-01,0.1
AMEX,RCG,2008-06-26,0.1
AMEX,RCG,2008-03-18,0.1
AMEX,RCG,2007-12-27,0.1
AMEX,RCG,2006-11-15,0.1
AMEX,RCG,2006-08-11,0.1
AMEX,RCG,2006-05-12,0.1
AMEX,RCG,2006-02-21,0.1
AMEX,RCG,2005-12-28,0.929
AMEX,RCG,2005-11-15,0.1
AMEX,RCG,2005-08-11,0.1
AMEX,RCG,2005-05-12,0.1
AMEX,RCG,2005-02-16,0.1
AMEX,RCG,2004-12-29,2.77
AMEX,RCG,2004-11-10,0.1
AMEX,RCG,2004-08-13,0.1
AMEX,RCG,2004-05-12,0.1
AMEX,RCG,2004-02-13,0.1
AMEX,RCG,2003-12-29,0.85
AMEX,RCG,2003-11-13,0.1
AMEX,RCG,2003-08-13,0.1
AMEX,RCG,2003-05-14,0.1
AMEX,RCG,2003-02-18,0.1
AMEX,RCG,2002-11-25,0.1
AMEX,RCG,2001-07-20,0.54
AMEX,RCG,2000-05-24,1.54
AMEX,RCG,2000-01-18,0.08
AMEX,RCG,1999-08-06,1.25
AMEX,RCG,1999-05-17,0.08
AMEX,RCG,1999-04-21,0.08
AMEX,RCG,1999-01-19,0.1
AMEX,RCG,1998-10-13,0.1
AMEX,RCG,1998-06-30,0.1
AMEX,RCG,1998-04-07,0.08
AMEX,RCG,1998-01-06,0.08
AMEX,RCG,1997-10-28,0.08
AMEX,RCG,1997-07-17,0.08
AMEX,RCG,1997-01-29,0.09
AMEX,RCG,1996-10-18,0.09
AMEX,RCG,1996-07-31,0.09
AMEX,RNY,2010-01-13,0.068
AMEX,RNY,2009-12-11,0.093
AMEX,RNY,2009-11-10,0.068
AMEX,RNY,2009-10-13,0.068
AMEX,RNY,2009-09-11,0.068
AMEX,RNY,2009-08-12,0.068
AMEX,RNY,2009-07-13,0.068
AMEX,RNY,2009-06-11,0.068
AMEX,RNY,2009-05-13,0.058
AMEX,RNY,2009-04-13,0.058
AMEX,RNY,2009-03-12,0.058
AMEX,RNY,2009-02-11,0.058
AMEX,RNY,2009-01-13,0.058
AMEX,RNY,2008-12-11,0.063
AMEX,RNY,2008-11-12,0.058
AMEX,RNY,2008-10-10,0.058
AMEX,RNY,2008-09-11,0.058
AMEX,RNY,2008-08-13,0.058
AMEX,RNY,2008-07-11,0.058
AMEX,RNY,2008-06-12,0.058
AMEX,RNY,2008-05-13,0.067
AMEX,RNY,2008-04-11,0.067
AMEX,RNY,2008-03-12,0.067
AMEX,RNY,2008-02-13,0.067
AMEX,RNY,2008-01-17,0.067
AMEX,RNY,2007-12-12,0.169
AMEX,RNY,2007-11-13,0.07
AMEX,RNY,2007-10-11,0.07
AMEX,RNY,2007-09-12,0.07
AMEX,RNY,2007-08-13,0.07
AMEX,RNY,2007-07-12,0.07
AMEX,RNY,2007-06-13,0.07
AMEX,RNY,2007-05-11,0.07
AMEX,RNY,2007-04-12,0.07
AMEX,RNY,2007-03-13,0.07
AMEX,RNY,2007-02-13,0.073
AMEX,RNY,2007-01-11,0.073
AMEX,RNY,2006-12-22,0.014
AMEX,RNY,2006-12-13,0.073
AMEX,RNY,2006-11-13,0.073
AMEX,RNY,2006-10-13,0.073
AMEX,RNY,2006-10-12,0.073
AMEX,RNY,2006-09-13,0.073
AMEX,RNY,2006-08-11,0.073
AMEX,RNY,2006-07-12,0.114
AMEX,RNY,2006-06-13,0.073
AMEX,RNY,2006-05-11,0.073
AMEX,RNY,2006-04-12,0.073
AMEX,RNY,2006-03-13,0.073
AMEX,RNY,2006-02-13,0.073
AMEX,RNY,2006-01-12,0.073
AMEX,RNY,2005-12-23,0.043
AMEX,RNY,2005-12-13,0.073
AMEX,RNY,2005-11-10,0.073
AMEX,RNY,2005-10-12,0.073
AMEX,RNY,2005-09-13,0.073
AMEX,RNY,2005-08-11,0.073
AMEX,RNY,2005-07-13,0.073
AMEX,RNY,2005-06-13,0.073
AMEX,RNY,2005-05-12,0.073
AMEX,RNY,2005-04-13,0.073
AMEX,RNY,2005-03-11,0.073
AMEX,RNY,2005-02-11,0.073
AMEX,RNY,2005-01-12,0.073
AMEX,RNY,2004-12-13,0.073
AMEX,RNY,2004-11-10,0.073
AMEX,RNY,2004-10-13,0.073
AMEX,RNY,2004-09-13,0.073
AMEX,RNY,2004-08-12,0.073
AMEX,RNY,2004-07-13,0.073
AMEX,RNY,2004-06-14,0.073
AMEX,RNY,2004-05-12,0.073
AMEX,RNY,2004-04-13,0.073
AMEX,RNY,2004-03-11,0.073
AMEX,RNY,2004-02-12,0.073
AMEX,RNY,2004-01-13,0.073
AMEX,RNY,2003-12-11,0.073
AMEX,RNY,2003-11-12,0.073
AMEX,RNY,2003-10-10,0.073
AMEX,RNY,2003-09-11,0.073
AMEX,RNY,2003-08-13,0.073
AMEX,RNY,2003-07-11,0.073
AMEX,RNY,2003-06-12,0.073
AMEX,RNY,2003-05-13,0.073
AMEX,RNY,2003-04-11,0.073
AMEX,RNY,2003-03-12,0.073
AMEX,RNY,2003-02-12,0.073
AMEX,RNY,2003-01-13,0.073
AMEX,RNY,2002-12-12,0.073
AMEX,RNY,2002-11-13,0.073
AMEX,RNY,2002-10-10,0.073
AMEX,RNY,2002-09-12,0.073
AMEX,RNY,2002-08-13,0.073
AMEX,RNY,2002-07-11,0.073
AMEX,RNY,2002-06-12,0.068
AMEX,RNY,2002-05-13,0.068
AMEX,RNY,2002-04-11,0.068
AMEX,RNY,2002-03-13,0.068
AMEX,RNY,2002-02-13,0.068
AMEX,RNY,2002-01-11,0.068
AMEX,RNY,2001-12-12,0.068
AMEX,RNY,2001-11-13,0.068
AMEX,RNY,2001-10-11,0.068
AMEX,RNY,2001-08-13,0.068
AMEX,RNY,2001-07-12,0.068
AMEX,RNY,2001-06-13,0.068
AMEX,RNY,2001-05-11,0.068
AMEX,RNY,2001-04-11,0.068
AMEX,RNY,2001-03-13,0.068
AMEX,RNY,2001-02-13,0.068
AMEX,RNY,2001-01-11,0.068
AMEX,RNY,2000-12-13,0.068
AMEX,RNY,2000-11-13,0.068
AMEX,RNY,2000-10-12,0.068
AMEX,RNY,2000-09-13,0.068
AMEX,RNY,2000-08-11,0.068
AMEX,RNY,2000-07-12,0.068
AMEX,RNY,2000-06-13,0.068
AMEX,RNY,2000-05-11,0.068
AMEX,RNY,2000-04-12,0.068
AMEX,RNY,2000-03-13,0.068
AMEX,RNY,2000-02-11,0.068
AMEX,RNY,2000-01-12,0.068
AMEX,RNY,1999-12-13,0.068
AMEX,RNY,1999-11-10,0.068
AMEX,RNY,1999-10-13,0.068
AMEX,RNY,1999-09-13,0.068
AMEX,RNY,1999-08-12,0.068
AMEX,RNY,1999-07-13,0.069
AMEX,RNY,1999-06-11,0.068
AMEX,RNY,1999-05-12,0.068
AMEX,RNY,1999-04-13,0.068
AMEX,RNY,1999-03-11,0.068
AMEX,RNY,1999-02-11,0.068
AMEX,RNY,1999-01-13,0.068
AMEX,RNY,1998-12-11,0.068
AMEX,RNY,1998-11-12,0.068
AMEX,RNY,1998-10-13,0.068
AMEX,RNY,1998-09-11,0.068
AMEX,RNY,1998-08-12,0.068
AMEX,RNY,1998-07-13,0.068
AMEX,RNY,1998-06-11,0.068
AMEX,RNY,1998-05-13,0.068
AMEX,RNY,1998-04-13,0.068
AMEX,RNY,1998-03-12,0.068
AMEX,RNY,1998-02-11,0.068
AMEX,RNY,1998-01-12,0.068
AMEX,RNY,1997-12-11,0.068
AMEX,RNY,1997-11-12,0.068
AMEX,RNY,1997-10-10,0.068
AMEX,RNY,1997-09-11,0.068
AMEX,RNY,1997-08-13,0.068
AMEX,RNY,1997-07-11,0.068
AMEX,RNY,1997-06-12,0.068
AMEX,RNY,1997-05-13,0.068
AMEX,RNY,1997-04-11,0.068
AMEX,RNY,1997-03-12,0.068
AMEX,RNY,1997-02-12,0.068
AMEX,RNY,1997-01-13,0.068
AMEX,RNY,1996-12-12,0.066
AMEX,RNY,1996-11-13,0.066
AMEX,RNY,1996-10-10,0.066
AMEX,RNY,1996-09-12,0.066
AMEX,RNY,1996-08-13,0.066
AMEX,RNY,1996-07-11,0.066
AMEX,RNY,1996-06-12,0.066
AMEX,RNY,1996-05-13,0.066
AMEX,RNY,1996-04-11,0.066
AMEX,RNY,1996-03-13,0.066
AMEX,RNY,1996-02-13,0.066
AMEX,RNY,1996-01-11,0.066
AMEX,RNY,1995-12-13,0.066
AMEX,RNY,1995-11-13,0.066
AMEX,RNY,1995-10-12,0.066
AMEX,RNY,1995-09-13,0.064
AMEX,RSU,2009-12-18,0.088
AMEX,RSU,2009-09-18,0.08
AMEX,RSU,2009-03-20,0.063
AMEX,RSU,2008-12-19,0.092
AMEX,RSU,2008-09-19,0.113
AMEX,RSU,2008-06-20,0.191
AMEX,RSU,2008-03-20,0.144
AMEX,RSU,2007-12-26,0.239
AMEX,RYF,2009-09-18,0.076
AMEX,RYF,2009-03-20,0.153
AMEX,RYF,2008-12-19,0.131
AMEX,RYF,2008-09-19,0.191
AMEX,RYF,2008-06-20,0.22
AMEX,RYF,2008-03-20,0.264
AMEX,RYF,2007-12-21,0.208
AMEX,RYF,2007-09-21,0.242
AMEX,RYF,2007-06-15,0.21
AMEX,RYF,2007-03-16,0.171
AMEX,RYF,2006-12-27,0.245
AMEX,RFV,2009-12-18,0.096
AMEX,RFV,2009-09-18,0.083
AMEX,RFV,2009-03-20,0.185
AMEX,RFV,2008-12-19,0.155
AMEX,RFV,2008-09-19,0.204
AMEX,RFV,2008-06-20,0.237
AMEX,RFV,2008-03-20,0.214
AMEX,RFV,2007-12-21,0.192
AMEX,RFV,2007-09-21,0.207
AMEX,RFV,2007-06-15,0.186
AMEX,RFV,2007-03-16,0.163
AMEX,RFV,2006-12-27,0.254
AMEX,RFV,2006-09-15,0.297
AMEX,RKH,2010-02-03,0.028
AMEX,RKH,2010-01-28,0.013
AMEX,RKH,2010-01-13,0.01
AMEX,RKH,2010-01-06,0.015
AMEX,RKH,2010-01-04,0.022
AMEX,RKH,2009-12-30,0.001
AMEX,RKH,2009-12-29,0.03
AMEX,RKH,2009-12-17,0.001
AMEX,RKH,2009-12-14,0.001
AMEX,RKH,2009-12-08,0.02
AMEX,RKH,2009-12-02,0.003
AMEX,RKH,2009-11-27,0.002
AMEX,RKH,2009-11-25,0.001
AMEX,RKH,2009-11-04,0.023
AMEX,RKH,2009-10-28,0.013
AMEX,RKH,2009-10-14,0.015
AMEX,RKH,2009-10-08,0.01
AMEX,RKH,2009-10-02,0.022
AMEX,RKH,2009-09-29,0.001
AMEX,RKH,2009-09-28,0.03
AMEX,RKH,2009-09-15,0.001
AMEX,RKH,2009-09-11,0.003
AMEX,RKH,2009-09-08,0.02
AMEX,RKH,2009-09-02,0.003
AMEX,RKH,2009-08-28,0.003
AMEX,RKH,2009-08-05,0.028
AMEX,RKH,2009-07-30,0.013
AMEX,RKH,2009-07-09,0.01
AMEX,RKH,2009-07-08,0.015
AMEX,RKH,2009-07-01,0.022
AMEX,RKH,2009-06-29,0.001
AMEX,RKH,2009-06-26,0.03
AMEX,RKH,2009-06-16,0.001
AMEX,RKH,2009-06-15,0.001
AMEX,RKH,2009-06-11,0.003
AMEX,RKH,2009-06-08,0.02
AMEX,RKH,2009-06-03,0.003
AMEX,RKH,2009-05-29,0.001
AMEX,RKH,2009-05-28,0.009
AMEX,RKH,2009-05-27,0.001
AMEX,RKH,2009-05-06,0.028
AMEX,RKH,2009-04-29,0.013
AMEX,RKH,2009-04-08,0.01
AMEX,RKH,2009-04-07,0.047
AMEX,RKH,2009-04-02,0.022
AMEX,RKH,2009-03-30,0.001
AMEX,RKH,2009-03-27,0.03
AMEX,RKH,2009-03-16,0.01
AMEX,RKH,2009-03-11,0.003
AMEX,RKH,2009-03-06,0.02
AMEX,RKH,2009-03-04,0.003
AMEX,RKH,2009-02-27,0.008
AMEX,RKH,2009-02-26,0.01
AMEX,RKH,2009-02-04,0.191
AMEX,RKH,2009-01-21,0.034
AMEX,RKH,2009-01-14,0.064
AMEX,RKH,2009-01-07,0.047
AMEX,RKH,2009-01-02,0.166
AMEX,RKH,2008-12-30,0.024
AMEX,RKH,2008-12-29,0.243
AMEX,RKH,2008-12-16,0.005
AMEX,RKH,2008-12-15,0.01
AMEX,RKH,2008-12-11,0.017
AMEX,RKH,2008-12-08,0.02
AMEX,RKH,2008-12-03,0.089
AMEX,RKH,2008-11-26,0.049
AMEX,RKH,2008-11-25,0.04
AMEX,RKH,2008-11-05,0.163
AMEX,RKH,2008-10-22,0.034
AMEX,RKH,2008-10-15,0.047
AMEX,RKH,2008-10-08,0.061
AMEX,RKH,2008-10-02,0.166
AMEX,RKH,2008-09-29,0.024
AMEX,RKH,2008-09-26,0.262
AMEX,RKH,2008-09-16,0.005
AMEX,RKH,2008-09-15,0.01
AMEX,RKH,2008-09-11,0.033
AMEX,RKH,2008-09-08,0.02
AMEX,RKH,2008-09-03,0.178
AMEX,RKH,2008-09-02,0.019
AMEX,RKH,2008-08-28,0.093
AMEX,RKH,2008-08-27,0.021
AMEX,RKH,2008-08-06,0.163
AMEX,RKH,2008-07-21,0.034
AMEX,RKH,2008-07-09,0.108
AMEX,RKH,2008-07-01,0.166
AMEX,RKH,2008-06-27,0.024
AMEX,RKH,2008-06-26,0.262
AMEX,RKH,2008-06-17,0.014
AMEX,RKH,2008-06-13,0.036
AMEX,RKH,2008-06-11,0.033
AMEX,RKH,2008-06-06,0.02
AMEX,RKH,2008-06-04,0.356
AMEX,RKH,2008-05-29,0.069
AMEX,RKH,2008-05-28,0.173
AMEX,RKH,2008-05-22,0.049
AMEX,RKH,2008-05-07,0.149
AMEX,RKH,2008-04-29,0.002
AMEX,RKH,2008-04-21,0.034
AMEX,RKH,2008-04-10,0.105
AMEX,RKH,2008-04-02,0.166
AMEX,RKH,2008-03-28,0.023
AMEX,RKH,2008-03-27,0.301
AMEX,RKH,2008-03-18,0.014
AMEX,RKH,2008-03-14,0.036
AMEX,RKH,2008-03-12,0.033
AMEX,RKH,2008-03-06,0.02
AMEX,RKH,2008-03-05,0.178
AMEX,RKH,2008-02-29,0.049
AMEX,RKH,2008-02-28,0.019
AMEX,RKH,2008-02-27,0.331
AMEX,RKH,2008-02-06,0.149
AMEX,RKH,2008-01-18,0.034
AMEX,RKH,2008-01-10,0.038
AMEX,RKH,2008-01-09,0.103
AMEX,RKH,2008-01-02,1.084
AMEX,RKH,2007-12-28,0.023
AMEX,RKH,2007-12-27,0.301
AMEX,RKH,2007-12-17,0.036
AMEX,RKH,2007-12-14,0.016
AMEX,RKH,2007-12-12,0.032
AMEX,RKH,2007-12-06,0.02
AMEX,RKH,2007-12-05,0.178
AMEX,RKH,2007-11-28,0.347
AMEX,RKH,2007-11-23,0.047
AMEX,RKH,2007-11-07,0.149
AMEX,RKH,2007-10-22,0.034
AMEX,RKH,2007-10-10,0.103
AMEX,RKH,2007-10-09,0.074
AMEX,RKH,2007-10-03,0.166
AMEX,RKH,2007-09-27,0.022
AMEX,RKH,2007-09-26,0.284
AMEX,RKH,2007-09-18,0.016
AMEX,RKH,2007-09-13,0.034
AMEX,RKH,2007-09-12,0.032
AMEX,RKH,2007-09-06,0.018
AMEX,RKH,2007-09-05,0.178
AMEX,RKH,2007-08-29,0.347
AMEX,RKH,2007-08-27,0.066
AMEX,RKH,2007-08-24,0.047
AMEX,RKH,2007-08-08,0.149
AMEX,RKH,2007-07-23,0.034
AMEX,RKH,2007-07-11,0.177
AMEX,RKH,2007-07-03,0.166
AMEX,RKH,2007-06-27,0.306
AMEX,RKH,2007-06-19,0.016
AMEX,RKH,2007-06-14,0.034
AMEX,RKH,2007-06-13,0.032
AMEX,RKH,2007-06-06,0.018
AMEX,RKH,2007-05-30,0.221
AMEX,RKH,2007-05-29,0.23
AMEX,RKH,2007-05-24,0.047
AMEX,RKH,2007-05-23,0.019
AMEX,RKH,2007-05-02,0.134
AMEX,RKH,2007-04-26,0.031
AMEX,RKH,2007-04-11,0.099
AMEX,RKH,2007-04-10,0.07
AMEX,RKH,2007-04-03,0.148
AMEX,RKH,2007-03-29,0.021
AMEX,RKH,2007-03-28,0.284
AMEX,RKH,2007-03-20,0.016
AMEX,RKH,2007-03-15,0.034
AMEX,RKH,2007-03-13,0.032
AMEX,RKH,2007-03-07,0.018
AMEX,RKH,2007-02-28,0.155
AMEX,RKH,2007-02-27,0.082
AMEX,RKH,2007-02-26,0.23
AMEX,RKH,2007-02-23,0.047
AMEX,RKH,2007-01-31,0.134
AMEX,RKH,2007-01-29,0.031
AMEX,RKH,2007-01-10,0.162
AMEX,RKH,2007-01-03,0.148
AMEX,RKH,2006-12-28,0.021
AMEX,RKH,2006-12-27,0.281
AMEX,RKH,2006-12-19,0.05
AMEX,RKH,2006-12-13,0.03
AMEX,RKH,2006-12-06,0.018
AMEX,RKH,2006-11-29,0.21
AMEX,RKH,2006-11-28,0.246
AMEX,RKH,2006-11-24,0.045
AMEX,RKH,2006-11-01,0.134
AMEX,RKH,2006-10-27,0.031
AMEX,RKH,2006-10-11,0.092
AMEX,RKH,2006-10-10,0.07
AMEX,RKH,2006-10-04,0.148
AMEX,RKH,2006-09-28,0.02
AMEX,RKH,2006-09-27,0.242
AMEX,RKH,2006-09-19,0.016
AMEX,RKH,2006-09-18,0.031
AMEX,RKH,2006-09-13,0.03
AMEX,RKH,2006-09-06,0.016
AMEX,RKH,2006-08-30,0.21
AMEX,RKH,2006-08-29,0.246
AMEX,RKH,2006-08-02,0.134
AMEX,RKH,2006-07-27,0.031
AMEX,RKH,2006-07-12,0.092
AMEX,RKH,2006-07-11,0.07
AMEX,RKH,2006-07-03,0.148
AMEX,RKH,2006-06-29,0.02
AMEX,RKH,2006-06-28,0.242
AMEX,RKH,2006-06-20,0.016
AMEX,RKH,2006-06-14,0.031
AMEX,RKH,2006-06-13,0.03
AMEX,RKH,2006-06-07,0.016
AMEX,RKH,2006-05-31,0.139
AMEX,RKH,2006-05-26,0.209
AMEX,RKH,2006-05-25,0.045
AMEX,RKH,2006-05-24,0.016
AMEX,RKH,2006-05-03,0.125
AMEX,RKH,2006-04-26,0.031
AMEX,RKH,2006-04-11,0.117
AMEX,RKH,2006-04-04,0.148
AMEX,RKH,2006-03-30,0.07
AMEX,RKH,2006-03-29,0.188
AMEX,RKH,2006-03-22,0.016
AMEX,RKH,2006-03-15,0.031
AMEX,RKH,2006-03-13,0.03
AMEX,RKH,2006-03-08,0.016
AMEX,RKH,2006-03-01,0.139
AMEX,RKH,2006-02-27,0.278
AMEX,RKH,2006-02-24,0.045
AMEX,RKH,2006-02-01,0.125
AMEX,RKH,2006-01-27,0.028
AMEX,RKH,2006-01-11,0.15
AMEX,RKH,2006-01-04,0.148
AMEX,RKH,2005-12-29,0.019
AMEX,RKH,2005-12-28,0.239
AMEX,RKH,2005-12-20,0.015
AMEX,RKH,2005-12-16,0.031
AMEX,RKH,2005-12-13,0.028
AMEX,RKH,2005-12-07,0.016
AMEX,RKH,2005-11-30,0.139
AMEX,RKH,2005-11-29,0.05
AMEX,RKH,2005-11-28,0.223
AMEX,RKH,2005-11-25,0.042
AMEX,RKH,2005-11-02,0.125
AMEX,RKH,2005-10-27,0.028
AMEX,RKH,2005-10-11,0.067
AMEX,RKH,2005-10-04,0.148
AMEX,RKH,2005-09-29,0.018
AMEX,RKH,2005-09-28,0.221
AMEX,RKH,2005-09-20,0.015
AMEX,RKH,2005-09-16,0.03
AMEX,RKH,2005-09-13,0.028
AMEX,RKH,2005-09-07,0.015
AMEX,RKH,2005-08-31,0.139
AMEX,RKH,2005-08-30,0.05
AMEX,RKH,2005-08-29,0.223
AMEX,RKH,2005-08-26,0.042
AMEX,RKH,2005-08-03,0.125
AMEX,RKH,2005-07-27,0.028
AMEX,RKH,2005-07-13,0.083
AMEX,RKH,2005-07-07,0.067
AMEX,RKH,2005-07-01,0.148
AMEX,RKH,2005-06-29,0.018
AMEX,RKH,2005-06-28,0.217
AMEX,RKH,2005-06-21,0.015
AMEX,RKH,2005-06-15,0.03
AMEX,RKH,2005-06-13,0.028
AMEX,RKH,2005-06-08,0.015
AMEX,RKH,2005-06-01,0.125
AMEX,RKH,2005-05-27,0.05
AMEX,RKH,2005-05-26,0.231
AMEX,RKH,2005-05-04,0.115
AMEX,RKH,2005-04-27,0.028
AMEX,RKH,2005-04-13,0.035
AMEX,RKH,2005-04-12,0.045
AMEX,RKH,2005-04-07,0.063
AMEX,RKH,2005-04-04,0.148
AMEX,RKH,2005-03-30,0.017
AMEX,RKH,2005-03-29,0.217
AMEX,RKH,2005-03-22,0.015
AMEX,RKH,2005-03-16,0.03
AMEX,RKH,2005-03-11,0.028
AMEX,RKH,2005-03-08,0.015
AMEX,RKH,2005-03-02,0.125
AMEX,RKH,2005-02-25,0.105
AMEX,RKH,2005-02-24,0.189
AMEX,RKH,2005-02-02,0.115
AMEX,RKH,2005-01-27,0.025
AMEX,RKH,2005-01-12,0.08
AMEX,RKH,2005-01-11,0.063
AMEX,RKH,2005-01-04,0.148
AMEX,RKH,2004-12-30,0.017
AMEX,RKH,2004-12-29,0.217
AMEX,RKH,2004-12-16,0.03
AMEX,RKH,2004-12-15,0.014
AMEX,RKH,2004-12-13,0.026
AMEX,RKH,2004-12-08,0.015
AMEX,RKH,2004-12-01,0.125
AMEX,RKH,2004-11-29,0.045
AMEX,RKH,2004-11-26,0.242
AMEX,RKH,2004-11-03,0.115
AMEX,RKH,2004-10-27,0.025
AMEX,RKH,2004-10-13,0.08
AMEX,RKH,2004-10-06,0.063
AMEX,RKH,2004-10-04,0.148
AMEX,RKH,2004-09-29,0.016
AMEX,RKH,2004-09-28,0.179
AMEX,RKH,2004-09-15,0.043
AMEX,RKH,2004-09-13,0.026
AMEX,RKH,2004-09-08,0.013
AMEX,RKH,2004-09-01,0.125
AMEX,RKH,2004-08-30,0.045
AMEX,RKH,2004-08-27,0.217
AMEX,RKH,2004-08-04,0.115
AMEX,RKH,2004-07-28,0.025
AMEX,RKH,2004-07-14,0.035
AMEX,RKH,2004-07-12,0.045
AMEX,RKH,2004-07-08,0.063
AMEX,RKH,2004-07-01,0.148
AMEX,RKH,2004-06-29,0.016
AMEX,RKH,2004-06-28,0.179
AMEX,RKH,2004-06-16,0.014
AMEX,RKH,2004-06-15,0.029
AMEX,RKH,2004-06-14,0.026
AMEX,RKH,2004-06-08,0.013
AMEX,RKH,2004-06-02,0.111
AMEX,RKH,2004-05-27,0.04
AMEX,RKH,2004-05-26,0.222
AMEX,RKH,2004-05-05,0.108
AMEX,RKH,2004-04-28,0.025
AMEX,RKH,2004-04-14,0.032
AMEX,RKH,2004-04-12,0.045
AMEX,RKH,2004-04-07,0.058
AMEX,RKH,2004-03-30,0.015
AMEX,RKH,2004-03-29,0.179
AMEX,RKH,2004-03-17,0.014
AMEX,RKH,2004-03-16,0.029
AMEX,RKH,2004-03-11,0.026
AMEX,RKH,2004-03-10,0.148
AMEX,RKH,2004-03-08,0.013
AMEX,RKH,2004-03-01,0.088
AMEX,RKH,2004-02-27,0.04
AMEX,RKH,2004-02-26,0.056
AMEX,RKH,2004-02-25,0.164
AMEX,RKH,2004-02-04,0.108
AMEX,RKH,2004-01-28,0.022
AMEX,RKH,2004-01-14,0.032
AMEX,RKH,2004-01-12,0.045
AMEX,RKH,2004-01-08,0.058
AMEX,RKH,2003-12-30,0.015
AMEX,RKH,2003-12-29,0.175
AMEX,RKH,2003-12-17,0.042
AMEX,RKH,2003-12-11,0.025
AMEX,RKH,2003-12-10,0.083
AMEX,RKH,2003-12-08,0.013
AMEX,RKH,2003-12-01,0.088
AMEX,RKH,2003-11-28,0.04
AMEX,RKH,2003-11-26,0.052
AMEX,RKH,2003-11-25,0.144
AMEX,RKH,2003-11-05,0.108
AMEX,RKH,2003-10-29,0.022
AMEX,RKH,2003-10-15,0.032
AMEX,RKH,2003-10-08,0.103
AMEX,RKH,2003-09-29,0.014
AMEX,RKH,2003-09-26,0.155
AMEX,RKH,2003-09-17,0.013
AMEX,RKH,2003-09-15,0.028
AMEX,RKH,2003-09-11,0.025
AMEX,RKH,2003-09-10,0.083
AMEX,RKH,2003-09-08,0.012
AMEX,RKH,2003-08-29,0.088
AMEX,RKH,2003-08-28,0.04
AMEX,RKH,2003-08-27,0.195
AMEX,RKH,2003-08-06,0.108
AMEX,RKH,2003-07-29,0.02
AMEX,RKH,2003-07-09,0.133
AMEX,RKH,2003-07-01,0.117
AMEX,RKH,2003-06-27,0.014
AMEX,RKH,2003-06-26,0.039
AMEX,RKH,2003-06-18,0.013
AMEX,RKH,2003-06-13,0.028
AMEX,RKH,2003-06-11,0.094
AMEX,RKH,2003-06-06,0.012
AMEX,RKH,2003-06-02,0.04
AMEX,RKH,2003-05-30,0.088
AMEX,RKH,2003-05-28,0.171
AMEX,RKH,2003-05-07,0.072
AMEX,RKH,2003-04-28,0.02
AMEX,RKH,2003-04-09,0.127
AMEX,RKH,2003-03-28,0.013
AMEX,RKH,2003-03-27,0.152
AMEX,RKH,2003-03-18,0.013
AMEX,RKH,2003-03-14,0.028
AMEX,RKH,2003-03-12,0.094
AMEX,RKH,2003-03-06,0.012
AMEX,RKH,2003-02-28,0.04
AMEX,RKH,2003-02-27,0.097
AMEX,RKH,2003-02-26,0.148
AMEX,RKH,2003-02-05,0.072
AMEX,RKH,2003-01-29,0.018
AMEX,RKH,2003-01-15,0.029
AMEX,RKH,2003-01-09,0.098
AMEX,RKH,2002-12-30,0.013
AMEX,RKH,2002-12-27,0.146
AMEX,RKH,2002-12-17,0.028
AMEX,RKH,2002-12-11,0.093
AMEX,RKH,2002-12-06,0.012
AMEX,RKH,2002-11-29,0.127
AMEX,RKH,2002-11-26,0.155
AMEX,RKH,2002-11-06,0.067
AMEX,RKH,2002-10-29,0.018
AMEX,RKH,2002-10-09,0.127
AMEX,RKH,2002-09-27,0.012
AMEX,RKH,2002-09-26,0.146
AMEX,RKH,2002-09-13,0.026
AMEX,RKH,2002-09-11,0.093
AMEX,RKH,2002-09-06,0.012
AMEX,RKH,2002-08-29,0.088
AMEX,RKH,2002-08-28,0.154
AMEX,RKH,2002-08-23,0.039
AMEX,RKH,2002-08-07,0.067
AMEX,RKH,2002-07-29,0.017
AMEX,RKH,2002-07-10,0.072
AMEX,RKH,2002-07-09,0.055
AMEX,RKH,2002-06-27,0.012
AMEX,RKH,2002-06-26,0.142
AMEX,RKH,2002-06-18,0.012
AMEX,RKH,2002-06-14,0.026
AMEX,RKH,2002-06-12,0.093
AMEX,RKH,2002-06-06,0.012
AMEX,RKH,2002-05-30,0.127
AMEX,RKH,2002-05-29,0.147
AMEX,RKH,2002-05-08,0.067
AMEX,RKH,2002-04-26,0.017
AMEX,RKH,2002-04-10,0.069
AMEX,RKH,2002-04-09,0.053
AMEX,RKH,2002-03-27,0.011
AMEX,RKH,2002-03-26,0.142
AMEX,RKH,2002-03-19,0.012
AMEX,RKH,2002-03-14,0.026
AMEX,RKH,2002-03-13,0.093
AMEX,RKH,2002-03-06,0.012
AMEX,RKH,2002-03-01,0.039
AMEX,RKH,2002-02-28,0.009
AMEX,RKH,2002-02-27,0.088
AMEX,RKH,2002-02-26,0.137
AMEX,RKH,2002-01-30,0.062
AMEX,RKH,2002-01-29,0.017
AMEX,RKH,2002-01-16,0.026
AMEX,RKH,2002-01-10,0.053
AMEX,RKH,2002-01-09,0.043
AMEX,RKH,2001-12-28,0.011
AMEX,RKH,2001-12-27,0.169
AMEX,RKH,2001-12-18,0.01
AMEX,RKH,2001-12-17,0.026
AMEX,RKH,2001-12-12,0.091
AMEX,RKH,2001-12-06,0.012
AMEX,RKH,2001-11-29,0.088
AMEX,RKH,2001-11-28,0.134
AMEX,RKH,2001-11-23,0.038
AMEX,RKH,2001-11-16,0.009
AMEX,RKH,2001-11-07,0.062
AMEX,RKH,2001-10-29,0.017
AMEX,RKH,2001-10-10,0.122
AMEX,RKH,2001-09-27,0.01
AMEX,RKH,2001-09-26,0.134
AMEX,RKH,2001-09-18,0.01
AMEX,RKH,2001-09-06,0.011
AMEX,RKH,2001-09-05,0.029
AMEX,RKH,2001-08-29,0.128
AMEX,RKH,2001-08-24,0.038
AMEX,RKH,2001-08-08,0.168
AMEX,RKH,2001-07-27,0.034
AMEX,RKH,2001-07-13,0.043
AMEX,RKH,2001-07-11,0.026
AMEX,RKH,2001-07-10,0.053
AMEX,RKH,2001-06-27,0.134
AMEX,RKH,2001-06-19,0.01
AMEX,RKH,2001-06-14,0.025
AMEX,RKH,2001-06-13,0.091
AMEX,RKH,2001-06-06,0.011
AMEX,RKH,2001-05-30,0.119
AMEX,RKH,2001-05-29,0.079
AMEX,RKH,2001-05-24,0.038
AMEX,RKH,2001-05-08,0.036
AMEX,RKH,2001-05-02,0.058
AMEX,RKH,2001-04-26,0.034
AMEX,RKH,2001-04-10,0.117
AMEX,RKH,2001-03-29,0.01
AMEX,RKH,2001-03-28,0.134
AMEX,RKH,2001-03-20,0.01
AMEX,RKH,2001-03-15,0.025
AMEX,RKH,2001-03-13,0.091
AMEX,RKH,2001-03-07,0.011
AMEX,RKH,2001-03-02,0.008
AMEX,RKH,2001-02-28,0.083
AMEX,RKH,2001-02-27,0.036
AMEX,RKH,2001-02-26,0.07
AMEX,RKH,2001-02-23,0.038
AMEX,RKH,2001-02-06,0.036
AMEX,RKH,2001-01-31,0.058
AMEX,RKH,2001-01-29,0.031
AMEX,RKH,2001-01-10,0.066
AMEX,RKH,2001-01-05,0.051
AMEX,RKH,2000-12-28,0.01
AMEX,RKH,2000-12-27,0.071
AMEX,RKH,2000-12-19,0.009
AMEX,RKH,2000-12-13,0.089
AMEX,RKH,2000-12-06,0.011
AMEX,RKH,2000-11-29,0.163
AMEX,RKH,2000-11-28,0.147
AMEX,RKH,2000-11-24,0.036
AMEX,RKH,2000-11-07,0.036
AMEX,RKH,2000-11-01,0.058
AMEX,RKH,2000-10-27,0.031
AMEX,RKH,2000-10-11,0.066
AMEX,RKH,2000-10-10,0.051
AMEX,RKH,2000-09-28,0.009
AMEX,RKH,2000-09-27,0.071
AMEX,RKH,2000-09-19,0.01
AMEX,RKH,2000-09-13,0.089
AMEX,RKH,2000-09-11,0.024
AMEX,RKH,2000-09-06,0.009
AMEX,RKH,2000-08-30,0.156
AMEX,RKH,2000-08-29,0.147
AMEX,RKH,2000-08-08,0.036
AMEX,RKH,2000-08-02,0.053
AMEX,RKH,2000-07-27,0.031
AMEX,RKH,2000-07-13,0.051
AMEX,RKH,2000-07-12,0.064
AMEX,RKH,2000-06-29,0.009
AMEX,RKH,2000-06-28,0.071
AMEX,RYT,2009-12-18,0.018
AMEX,RYT,2009-09-18,0.021
AMEX,RYT,2009-03-20,0.036
AMEX,RYT,2008-12-19,0.041
AMEX,RYT,2008-09-19,0.031
AMEX,RYT,2008-06-20,0.011
AMEX,RYT,2008-03-20,0.013
AMEX,RYT,2007-12-21,0.015
AMEX,RYT,2006-12-27,0.001
AMEX,REW,2008-12-23,26.504
AMEX,REW,2008-09-24,0.187
AMEX,REW,2008-06-24,0.285
AMEX,REW,2008-03-25,0.152
AMEX,REW,2007-12-20,0.366
AMEX,REW,2007-09-25,1.151
AMEX,REW,2007-06-26,1.163
AMEX,RAP,2009-12-29,0.4
AMEX,RAP,2007-12-26,4.45
AMEX,RAP,2007-08-30,1.52
AMEX,RYE,2009-12-18,0.126
AMEX,RYE,2009-09-18,0.123
AMEX,RYE,2009-03-20,0.08
AMEX,RYE,2008-12-19,0.109
AMEX,RYE,2008-09-19,0.104
AMEX,RYE,2008-06-20,0.091
AMEX,RYE,2008-03-20,0.069
AMEX,RYE,2007-12-21,1.878
AMEX,RYE,2007-09-21,0.063
AMEX,RYE,2007-06-15,0.077
AMEX,RYE,2007-03-16,0.082
AMEX,RYE,2006-12-27,0.059
